Meter No:,367238678
Units:,kWh
Date,Total,00:00,00:30,01:00,01:30,02:00,02:30,03:00,03:30,04:00,04:30,05:00,05:30,06:00,06:30,07:00,07:30,08:00,08:30,09:00,09:30,10:00,10:30,11:00,11:30,12:00,12:30,13:00,13:30,14:00,14:30,15:00,15:30,16:00,16:30,17:00,17:30,18:00,18:30,19:00,19:30,20:00,20:30,21:00,21:30,22:00,22:30,23:00,23:30
01 Jan 2018,115.9,1.7,0.9,0.2,0.2,1.9,0.2,0.3,1.9,0.2,0.8,0.3,0.2,0.4,0.3,0.2,0.4,1.2,1.7,0.5,2.1,0.6,1.7,2.1,2.0,2.2,6.3,7.2,5.3,3.7,4.8,4.3,7.0,4.7,6.5,6.0,6.9,3.9,3.1,4.0,2.3,3.4,1.6,1.5,1.5,2.5,1.5,1.5,1.5
02 Jan 2018,115.5,1.5,1.4,2.5,1.3,1.4,1.4,1.3,1.8,1.3,0.8,0.8,1.4,0.2,1.8,2.3,0.8,1.3,0.2,1.5,2.7,5.5,4.3,5.0,3.1,4.3,5.8,4.7,3.1,6.0,7.0,6.9,6.1,5.1,5.7,3.6,4.1,2.8,0.1,0.1,1.4,0.6,0.9,0.1,0.8,0.6,0.1,0.4,0.1
03 Jan 2018,13.1,0.1,0.6,1.1,1.0,0.1,0.1,0.1,0.1,0.1,0.5,0.1,0.1,0.1,0.5,0.1,0.1,0.5,0.1,0.1,0.1,0.1,0.1,0.6,0.1,0.1,0.6,0.1,0.1,0.1,0.1,0.1,0.6,0.6,0.6,0.6,0.1,0.1,0.6,0.6,0.5,0.1,0.6,0.1,0.1,0.6,0.6,0.1,0.1
04 Jan 2018,105.3,0.1,0.1,0.1,0.1,0.1,0.5,0.5,0.1,0.1,0.1,0.5,0.1,0.1,0.5,0.1,0.1,0.5,0.1,0.7,3.6,4.5,3.6,3.9,4.0,5.1,3.8,3.8,5.2,7.5,6.7,6.8,6.7,6.7,6.7,6.0,5.0,1.4,2.4,1.3,0.7,0.9,0.7,0.8,0.9,1.4,0.3,0.5,0.3
05 Jan 2018,112.1,0.4,0.4,0.3,1.8,0.9,0.4,1.4,0.3,0.8,1.4,0.3,0.9,1.3,0.8,0.4,1.3,0.9,0.3,1.4,2.0,3.6,5.5,5.7,5.8,6.1,4.7,5.0,4.3,3.2,5.0,5.0,6.2,6.5,6.9,5.6,4.1,3.2,3.4,1.1,0.8,0.7,0.3,0.3,0.2,0.3,0.3,0.2,0.4
06 Jan 2018,92.2,0.2,0.3,0.8,0.2,0.4,0.2,1.7,0.3,0.3,0.3,0.2,1.7,0.2,0.3,0.3,1.7,0.3,1.7,1.7,2.0,2.6,2.1,1.9,3.7,2.3,2.0,4.6,2.7,2.5,4.4,2.9,4.2,7.3,5.5,5.8,4.2,4.3,3.2,1.3,0.8,1.3,1.5,0.8,1.4,0.4,0.3,2.4,0.8
07 Jan 2018,111.2,0.4,0.4,0.3,0.9,0.4,0.3,1.9,0.3,0.9,0.4,0.3,0.4,1.8,0.4,0.4,0.4,0.4,0.8,1.9,2.9,2.6,2.8,5.8,3.4,3.8,7.2,3.2,7.5,4.9,5.8,6.4,5.2,5.0,5.1,5.1,6.5,4.2,2.6,2.0,1.2,1.4,0.2,0.7,0.8,1.2,0.4,0.2,0.3
08 Jan 2018,81.6,1.2,0.2,1.3,0.3,0.2,0.2,1.6,0.3,0.1,0.2,1.7,0.1,0.8,0.1,1.2,0.2,1.2,0.7,0.1,1.2,2.2,1.2,1.0,1.7,3.0,3.7,1.9,2.8,4.4,1.6,5.2,5.8,5.9,8.4,6.2,4.8,2.6,0.8,0.6,0.2,0.6,0.7,0.6,0.6,0.2,0.7,0.2,0.7
09 Jan 2018,24.8,0.2,0.2,0.7,0.7,0.2,0.2,1.2,0.2,0.2,0.2,0.2,0.2,0.7,0.7,0.2,0.2,0.2,0.2,0.2,0.2,0.2,0.7,1.8,0.8,0.8,0.8,0.2,0.2,0.8,0.8,0.2,0.8,0.2,0.8,0.8,0.2,0.8,0.2,0.8,0.8,0.2,1.3,0.7,0.2,0.2,0.2,1.7,0.2
10 Jan 2018,33.0,0.7,0.2,0.2,0.7,0.7,0.2,0.2,0.2,0.2,0.2,0.2,0.2,0.2,0.2,0.2,0.7,1.2,1.2,0.2,0.2,1.7,0.2,0.6,3.2,3.2,2.1,0.6,0.6,0.1,0.7,0.1,1.2,0.1,3.9,1.7,0.6,0.1,0.6,0.6,0.1,0.1,0.6,0.6,0.1,0.6,0.1,0.6,0.1
11 Jan 2018,69.2,0.6,0.1,0.1,0.1,1.0,0.1,0.1,0.1,0.1,0.1,0.1,0.1,0.1,0.1,0.5,1.0,1.1,1.1,1.1,0.1,0.1,0.1,2.7,5.0,4.4,4.0,1.9,2.5,5.9,5.7,4.9,4.2,2.5,3.9,4.1,4.1,1.5,0.1,0.6,0.6,0.6,0.1,0.1,0.6,0.6,0.1,0.1,0.6
12 Jan 2018,152.2,0.6,0.1,0.6,0.1,0.6,0.1,0.1,0.6,0.6,0.1,0.1,0.1,0.1,0.1,0.1,0.1,0.6,1.1,0.1,1.6,5.0,7.2,6.2,7.5,6.5,6.6,6.8,4.1,6.7,5.7,7.8,8.4,12.3,11.9,6.6,6.4,4.3,4.3,2.0,2.3,1.6,2.6,2.0,2.0,2.6,2.0,2.0,1.5
13 Jan 2018,153.8,3.0,1.4,2.5,2.0,2.5,2.0,1.9,1.4,1.4,1.4,2.2,2.3,1.4,1.4,1.4,1.4,1.4,1.4,1.4,2.2,3.9,4.9,6.6,5.4,5.2,5.4,8.4,8.7,5.3,8.8,7.2,7.9,5.1,5.2,5.7,7.4,4.1,3.9,0.8,1.0,1.3,0.2,0.7,0.6,1.2,1.6,0.7,0.2
14 Jan 2018,145.2,0.6,0.2,0.1,0.8,1.6,0.2,0.1,0.2,0.2,0.2,1.3,1.1,0.3,0.1,0.3,0.1,0.3,1.1,2.3,3.0,6.4,5.7,6.9,7.7,5.3,5.8,5.6,6.1,10.2,6.9,0.0,0.0,8.5,15.3,11.1,9.2,5.6,3.3,2.6,1.1,0.3,1.6,0.3,1.1,1.7,0.7,0.7,1.3
15 Jan 2018,171.7,0.7,0.3,0.8,0.3,1.5,0.2,0.3,0.7,2.5,0.3,1.3,0.2,1.1,1.3,0.3,0.3,1.0,0.3,1.7,5.4,5.6,8.4,6.8,10.0,7.4,6.7,5.9,8.8,11.3,8.3,9.1,9.7,11.5,8.7,8.2,7.6,6.4,2.4,0.7,1.3,1.3,0.7,1.2,1.2,1.0,0.3,0.9,0.4
16 Jan 2018,198.4,0.4,0.9,0.3,0.9,0.3,0.9,0.3,0.4,1.3,0.4,0.4,0.3,0.9,1.2,1.0,0.3,0.5,0.3,2.9,4.0,5.9,5.9,8.4,8.2,7.8,9.6,7.9,8.8,9.3,11.5,13.2,16.2,12.7,11.5,11.6,7.4,7.1,4.5,4.5,3.5,0.3,0.9,0.8,0.4,0.8,1.0,0.3,0.5
17 Jan 2018,32.6,0.8,0.5,0.3,0.5,0.3,0.5,0.8,0.5,0.8,0.5,0.3,1.0,0.3,0.5,0.8,0.9,0.3,0.4,0.8,0.9,0.3,1.0,0.9,1.0,0.3,1.0,0.3,0.4,1.4,0.9,0.3,0.4,0.3,0.9,1.4,1.5,0.3,0.5,0.8,0.5,0.8,1.0,0.3,0.9,0.8,0.9,0.3,0.9
18 Jan 2018,205.5,0.8,0.9,0.4,0.4,0.9,0.3,0.9,0.3,0.9,0.3,0.4,0.8,0.5,0.9,0.4,0.4,0.9,0.4,0.8,6.1,6.8,7.1,9.1,9.1,8.8,10.2,7.5,6.9,8.9,11.1,13.1,11.2,10.2,9.9,10.4,9.7,8.2,5.2,3.9,3.7,4.1,4.0,3.7,0.8,0.7,1.6,1.3,0.8
19 Jan 2018,224.2,1.4,0.7,0.3,1.4,0.2,0.4,0.7,0.8,0.3,0.2,0.9,0.3,0.8,0.8,0.2,0.3,1.3,0.3,1.8,5.9,3.5,6.2,10.0,9.8,9.1,10.0,8.5,9.0,7.0,10.6,8.5,10.3,8.2,9.7,11.5,10.9,11.0,7.8,6.4,7.5,6.0,4.4,2.8,2.4,3.9,3.4,2.8,3.6
20 Jan 2018,234.4,3.7,3.6,1.8,3.7,3.6,2.8,3.5,2.8,2.6,4.1,2.9,2.6,2.6,3.1,2.6,2.5,2.5,3.0,4.1,7.8,7.1,10.0,7.1,7.9,11.0,8.6,8.0,11.0,10.3,10.6,12.4,5.1,10.2,10.5,8.7,11.1,6.5,2.9,1.3,1.3,0.9,0.9,0.9,0.9,0.9,0.9,0.9,0.9
21 Jan 2018,128.1,0.9,0.8,0.8,0.8,0.8,0.8,0.8,0.8,0.8,0.8,0.8,0.8,0.8,0.8,0.8,0.8,0.8,0.9,3.9,4.5,4.2,3.9,3.4,3.5,3.6,4.6,4.6,4.9,6.5,7.0,8.5,7.7,7.1,6.4,6.5,7.1,5.3,3.0,1.4,0.7,0.5,0.8,0.3,0.8,0.2,0.9,0.3,0.8
22 Jan 2018,148.9,0.8,0.8,0.7,0.3,0.8,0.8,0.2,0.8,0.3,0.7,0.4,0.8,0.2,0.3,0.7,0.7,0.3,0.8,0.2,2.5,4.5,5.5,6.2,5.4,8.5,5.9,8.1,7.9,6.6,6.8,8.8,9.5,9.7,10.7,8.6,10.4,,2.6,0.7,0.9,1.7,1.2,0.7,1.2,1.1,0.8,0.8,0.3
23 Jan 2018,34.1,0.8,0.9,0.8,0.8,0.3,0.8,0.7,0.8,0.3,0.7,0.3,0.8,0.2,0.8,0.3,0.7,0.8,1.3,0.7,0.8,1.9,0.8,1.7,0.2,0.2,0.6,1.3,0.2,0.2,0.1,0.2,0.2,0.1,1.2,1.3,1.8,1.3,1.3,1.2,1.2,0.2,0.2,0.7,0.5,0.7,0.7,0.6,0.2
24 Jan 2018,28.1,0.7,0.6,0.6,0.2,0.2,0.6,0.2,0.2,0.6,0.2,0.2,0.6,0.6,0.2,0.6,0.6,0.2,1.4,0.9,1.1,0.9,0.4,1.6,2.2,0.9,0.3,0.1,0.3,0.1,0.7,1.4,0.6,0.2,0.1,0.2,1.1,1.1,1.3,0.6,0.2,0.2,0.7,0.7,0.1,0.8,0.5,0.8,0.1
25 Jan 2018,264.5,0.7,0.7,0.2,0.6,0.2,0.8,0.5,0.7,0.5,0.7,0.1,0.2,0.6,0.6,0.6,0.1,0.2,0.1,3.2,7.8,9.8,9.1,8.4,8.4,11.5,12.7,13.0,12.7,17.9,17.4,18.3,15.3,17.9,12.1,13.9,18.2,6.5,6.3,3.6,2.9,2.0,1.0,1.3,1.3,0.8,1.3,0.1,1.4
26 Jan 2018,304.2,1.2,1.3,0.8,0.7,1.4,0.6,0.3,0.6,1.3,0.7,0.2,1.3,0.6,0.8,0.1,1.4,0.6,0.2,2.6,7.9,11.8,6.5,0.0,12.3,7.7,16.5,15.7,15.4,19.3,20.6,22.1,18.6,19.6,20.9,15.9,12.3,9.0,0.0,4.8,4.6,5.3,3.2,4.0,3.1,3.1,2.3,2.6,2.0
27 Jan 2018,308.5,2.0,1.5,2.6,0.8,2.0,1.5,2.0,2.0,1.2,2.0,2.0,2.4,1.9,1.9,2.0,3.0,2.0,1.6,1.4,6.9,8.4,8.6,15.3,14.3,13.6,9.0,7.3,8.4,11.4,15.0,17.7,14.8,12.4,14.4,13.5,16.8,16.9,13.3,7.7,3.8,3.1,3.6,2.8,2.8,3.0,1.7,2.5,3.8
28 Jan 2018,293.8,2.2,2.5,2.2,2.4,3.7,3.7,2.4,3.1,2.1,2.4,1.6,1.6,1.6,1.6,1.6,2.9,2.5,4.3,5.0,7.7,12.1,10.5,11.5,14.7,12.5,16.3,13.4,12.0,13.5,12.0,11.9,11.2,10.8,11.1,14.9,9.9,8.0,6.3,5.5,7.3,5.0,3.7,1.0,0.3,0.3,0.2,0.4,0.2
29 Jan 2018,316.4,0.3,1.3,0.2,0.9,0.8,0.2,0.9,0.7,0.3,0.8,0.8,0.4,0.2,0.8,0.8,0.3,0.9,0.2,3.5,12.6,12.1,12.3,11.7,10.6,11.2,15.0,11.1,10.6,16.6,18.3,15.5,14.7,16.4,17.0,16.9,17.3,13.9,8.9,7.5,6.8,7.1,6.5,2.8,1.7,2.5,1.8,0.7,1.8
30 Jan 2018,346.3,2.1,0.8,0.5,1.4,1.7,0.4,1.1,0.5,1.0,1.5,1.0,1.4,1.4,1.0,1.4,0.7,1.3,0.8,4.8,8.3,8.7,13.0,17.8,19.6,22.9,19.3,12.2,13.2,15.4,15.1,17.6,16.7,17.4,16.1,13.5,10.2,10.4,13.0,8.4,5.9,8.7,6.8,5.2,2.8,1.7,0.4,0.6,0.4
31 Jan 2018,280.1,1.4,1.7,0.4,0.4,1.4,0.6,0.9,0.4,0.9,0.9,1.1,0.4,1.1,0.4,1.1,0.9,0.8,1.3,4.3,12.3,11.8,12.8,11.2,15.1,14.3,15.0,15.5,13.5,12.8,12.3,11.7,12.3,12.4,9.7,9.6,9.0,7.9,3.3,5.7,3.9,4.6,3.7,4.0,4.5,4.0,3.0,1.9,1.7
01 Feb 2018,287.5,2.3,2.9,3.0,1.9,2.4,2.4,1.8,2.9,2.2,2.6,2.1,1.6,2.5,2.0,2.5,1.8,2.5,3.1,4.4,7.8,6.4,8.3,9.5,12.1,10.6,9.8,13.0,10.3,18.1,17.5,15.1,19.7,17.1,16.7,12.1,12.1,4.9,3.4,3.4,1.6,1.2,1.3,0.5,1.3,0.9,2.0,1.6,2.4
02 Feb 2018,227.9,1.0,2.4,0.9,2.3,0.8,2.3,1.5,1.7,1.5,1.7,1.2,1.8,1.0,0.7,0.8,0.9,1.4,1.0,3.2,6.1,9.9,0.0,4.8,12.9,12.6,11.0,9.2,9.4,14.1,14.5,12.0,15.2,14.1,11.8,9.3,11.0,5.9,3.1,5.6,1.3,0.7,1.2,1.3,1.2,0.2,0.3,0.2,1.2
03 Feb 2018,251.5,0.8,1.2,1.8,0.3,1.8,1.7,0.3,0.7,0.1,0.7,0.7,0.6,0.8,0.7,0.7,0.3,1.3,1.7,0.2,11.5,12.5,10.9,9.0,10.6,11.4,12.1,10.6,9.8,13.1,15.4,17.2,16.3,14.2,12.4,17.1,12.4,4.8,3.5,2.5,1.5,0.9,0.8,0.4,2.4,0.3,0.4,0.4,0.3
04 Feb 2018,327.8,0.4,1.5,1.4,0.4,0.5,1.4,0.4,0.5,0.9,1.4,0.9,0.4,1.3,0.4,0.9,0.8,1.4,0.9,5.0,8.7,9.0,13.8,16.0,13.2,14.5,15.6,14.6,12.7,17.6,6.0,17.7,16.5,19.6,17.3,16.2,14.9,14.0,9.6,7.6,5.5,3.3,3.8,3.8,5.3,0.0,3.7,3.7,3.1
05 Feb 2018,275.3,4.2,3.2,4.2,3.1,4.2,2.4,3.1,4.2,2.6,2.5,1.7,2.6,3.4,2.7,3.0,3.3,2.3,3.0,7.3,8.5,11.1,10.7,9.4,12.5,9.9,10.6,9.9,9.6,12.1,15.8,15.7,12.2,14.0,9.8,11.4,12.7,10.3,0.6,2.1,0.0,1.1,0.0,1.0,0.0,0.0,1.0,0.0,0.0
06 Feb 2018,36.5,1.1,1.0,0.5,0.0,0.5,0.0,1.5,0.5,0.5,0.0,0.5,0.5,1.0,0.5,1.1,0.5,0.0,0.5,0.0,1.1,0.0,1.9,1.0,3.0,1.6,2.7,0.6,0.6,0.6,1.1,0.6,0.6,1.1,1.1,0.6,0.6,0.6,0.6,0.6,1.1,1.1,0.5,1.1,0.5,0.0,1.0,0.0,0.0
07 Feb 2018,34.6,1.1,1.0,0.5,0.0,1.6,0.5,0.0,1.6,0.0,0.5,0.0,0.5,0.0,1.5,0.5,0.5,0.0,1.5,1.0,1.1,0.0,0.0,0.0,1.9,0.0,1.7,0.6,0.0,0.6,1.6,0.0,0.6,0.6,1.5,1.1,0.6,0.6,2.1,0.6,0.6,0.6,1.1,1.5,1.1,0.6,0.0,0.0,1.1
08 Feb 2018,319.2,0.0,0.0,0.0,1.0,0.5,1.0,0.5,1.1,1.0,0.5,1.0,0.0,0.5,0.5,1.5,0.0,0.5,2.1,7.9,12.2,13.4,15.1,14.4,18.5,18.4,19.8,13.5,11.3,13.4,20.3,18.9,18.6,15.5,14.5,16.6,15.6,11.0,6.9,1.5,2.6,1.4,0.9,0.8,1.3,0.3,2.3,0.2,0.2
09 Feb 2018,295.7,1.3,0.2,1.2,0.2,0.2,0.1,0.2,0.6,0.7,0.2,1.2,1.2,0.5,0.2,0.6,0.1,0.3,1.3,5.6,10.2,14.1,9.8,9.8,17.0,14.8,14.1,15.5,16.2,16.7,18.9,17.6,18.1,16.0,14.9,13.5,15.9,7.3,4.2,3.3,1.5,2.4,1.4,1.0,2.0,1.0,1.0,0.9,1.0
10 Feb 2018,313.9,1.0,0.9,1.0,1.0,0.9,1.1,2.0,1.0,2.1,1.0,1.0,2.0,0.9,2.0,1.0,0.9,2.0,1.0,9.3,11.9,14.0,15.7,15.9,15.1,15.7,14.3,11.3,12.5,10.7,14.4,17.9,19.4,17.0,15.4,19.5,14.5,6.8,2.6,2.0,4.2,3.0,3.2,2.3,0.9,0.2,1.2,0.1,0.1
11 Feb 2018,230.8,0.0,0.1,0.1,0.0,0.2,0.1,1.1,0.2,0.0,1.2,0.1,0.0,0.1,0.1,0.0,1.2,0.1,1.1,5.1,11.0,14.1,6.7,0.0,0.0,0.0,0.0,0.0,0.0,0.0,21.4,23.3,24.6,22.2,24.2,18.1,13.9,4.9,6.4,7.7,5.3,5.7,1.9,1.6,2.0,1.6,0.8,0.1,1.9
12 Feb 2018,317.2,1.0,1.3,1.1,0.9,1.0,1.1,1.3,0.5,1.9,1.4,0.9,0.6,0.2,1.0,0.8,0.9,1.4,1.9,4.9,13.5,9.9,14.4,16.7,13.4,16.0,13.6,10.8,11.4,17.9,16.1,20.2,21.5,17.6,17.8,18.8,19.2,8.2,1.6,0.9,2.1,1.4,1.1,1.9,1.1,1.9,1.1,1.4,1.6
13 Feb 2018,94.5,0.9,1.1,0.9,1.6,0.9,1.6,1.1,0.2,1.6,1.6,1.2,0.7,0.6,0.9,0.9,0.9,1.0,1.9,1.1,1.4,1.7,1.5,1.1,2.0,2.2,6.9,5.7,4.0,2.2,3.4,3.3,3.3,3.3,5.0,4.3,4.5,2.1,2.7,2.8,1.7,3.2,1.1,0.2,0.9,0.6,0.9,0.9,0.9
14 Feb 2018,72.5,0.2,1.9,1.9,0.6,0.5,1.4,0.9,1.0,1.8,1.0,0.9,0.3,0.9,1.0,1.4,0.7,1.4,2.0,1.7,1.9,1.8,1.9,1.8,1.9,1.5,1.5,2.0,2.0,2.0,2.0,2.0,2.0,2.0,2.0,2.0,1.9,1.9,1.9,1.1,1.0,1.8,1.7,1.8,1.7,1.5,1.7,1.5,1.3
15 Feb 2018,292.7,1.9,1.7,1.5,1.7,1.5,1.3,1.9,1.3,1.9,1.6,1.5,1.3,1.5,1.3,1.5,1.7,1.9,1.7,5.0,9.6,11.1,13.3,14.0,14.1,18.0,16.3,13.1,11.4,12.8,16.7,21.8,19.3,16.0,16.3,13.9,12.2,5.3,1.3,0.7,0.8,0.2,0.2,0.3,0.1,0.2,0.2,0.1,0.2
16 Feb 2018,280.3,0.2,0.1,0.2,0.2,0.2,0.3,0.2,0.2,0.3,0.1,0.2,0.2,0.1,0.2,0.2,0.1,0.3,0.2,2.5,5.3,11.9,17.6,16.5,14.5,14.0,13.1,13.8,14.6,12.5,12.1,8.1,13.5,14.1,16.7,12.2,9.9,7.5,4.6,5.8,5.3,4.6,4.6,4.9,3.7,3.2,3.2,3.1,4.1
17 Feb 2018,294.2,4.1,3.1,3.5,4.1,2.8,2.0,4.1,1.5,2.5,2.0,1.5,2.4,2.4,2.3,2.3,1.5,3.3,2.0,4.9,14.8,12.4,12.0,10.5,10.5,11.9,16.1,12.3,10.9,13.2,17.4,14.2,14.9,12.2,14.0,8.9,9.2,7.4,2.8,2.0,2.0,0.8,2.0,1.4,2.4,1.4,1.4,1.4,1.4
18 Feb 2018,269.7,1.3,1.4,1.3,2.2,1.3,1.8,1.7,1.7,1.3,1.8,1.2,1.8,1.6,0.7,1.8,1.6,1.3,1.2,5.7,9.8,8.8,9.4,8.7,10.7,16.0,11.9,10.5,5.8,7.9,12.1,10.9,12.2,13.5,11.5,14.9,12.7,10.0,7.5,5.1,6.5,7.0,3.1,2.3,3.6,1.5,0.8,1.5,1.1
19 Feb 2018,66.3,1.7,2.8,1.8,2.1,0.8,0.9,1.4,0.8,1.6,0.9,0.9,2.3,1.3,1.2,1.2,0.6,1.0,1.6,1.6,2.6,2.0,0.5,2.1,1.3,1.0,2.9,0.8,1.5,0.7,1.9,1.7,1.9,0.4,1.4,1.7,1.0,1.1,0.9,1.1,0.6,1.5,1.9,1.5,1.3,0.9,0.5,2.2,1.3
20 Feb 2018,134.4,1.7,1.0,0.8,0.4,1.4,1.5,0.4,0.6,1.2,1.8,1.0,0.9,0.8,1.6,0.9,0.4,1.3,0.4,1.5,4.2,4.8,3.4,4.0,5.4,4.0,4.2,6.2,3.3,4.1,7.5,7.2,4.1,5.0,9.4,4.5,5.7,4.6,3.1,4.3,4.0,2.0,1.5,2.9,1.4,1.8,1.4,0.6,0.5
21 Feb 2018,45.0,0.7,0.6,0.4,0.8,0.4,0.4,0.5,0.8,0.6,3.1,0.8,0.6,0.9,0.4,0.7,1.5,0.6,1.4,1.5,2.2,0.6,1.8,0.6,1.1,1.5,0.6,2.0,2.0,0.6,0.4,1.0,1.9,1.2,0.4,0.9,1.7,0.9,0.4,1.1,0.9,0.6,0.6,0.5,0.6,0.6,0.1,1.1,0.6
22 Feb 2018,252.6,0.1,1.0,1.0,1.0,1.0,1.0,1.0,1.0,0.1,0.1,0.1,1.0,0.4,0.1,1.0,0.5,0.1,0.1,1.5,3.5,8.9,11.1,15.2,14.9,15.5,15.8,12.0,11.8,15.4,12.6,14.9,14.6,18.8,15.8,11.5,11.3,5.8,3.9,2.2,0.1,1.1,0.1,0.6,0.6,0.1,1.1,0.6,0.6
23 Feb 2018,326.8,0.6,0.6,0.1,1.1,0.1,0.1,0.1,1.1,1.0,1.1,1.0,1.0,1.0,1.3,0.1,0.1,0.1,0.6,4.6,14.7,12.6,13.7,14.2,18.4,16.1,18.1,13.5,12.6,13.1,19.8,16.5,20.1,22.2,19.5,21.7,14.9,10.7,3.3,2.2,2.7,0.9,1.2,0.2,1.7,1.6,1.2,2.2,1.7
24 Feb 2018,256.2,1.7,1.2,1.2,2.1,0.2,2.3,1.7,0.2,1.8,1.7,1.1,1.2,1.2,1.2,0.2,0.7,0.7,0.1,4.9,8.7,10.9,13.2,16.8,15.6,18.9,15.1,11.0,13.9,13.9,9.0,13.1,12.7,13.3,7.8,0.0,18.8,9.5,2.3,1.3,1.8,1.2,0.7,0.2,0.1,0.2,0.3,0.2,0.2
25 Feb 2018,373.0,1.7,2.2,0.6,0.2,1.2,0.7,0.7,0.8,1.7,1.6,0.7,0.2,0.6,0.7,0.3,1.2,0.7,0.7,7.5,17.3,19.6,21.5,18.1,15.9,18.9,17.6,16.5,13.1,17.7,17.2,17.2,16.9,17.1,17.8,18.4,17.2,8.9,10.5,7.2,5.2,5.6,6.2,1.3,1.2,1.2,1.3,1.2,1.1
26 Feb 2018,369.8,0.7,0.2,0.2,2.2,0.8,0.7,0.2,0.7,0.2,1.1,0.2,1.8,0.7,0.7,0.7,0.7,0.6,1.2,7.8,18.4,18.5,20.6,16.3,15.0,11.8,24.4,20.8,20.6,24.6,21.1,20.9,21.0,22.6,16.2,15.8,17.3,7.5,2.2,0.9,1.4,1.9,2.1,0.8,1.3,0.8,0.8,1.7,1.3
27 Feb 2018,56.9,0.3,1.2,0.8,2.1,0.8,0.8,1.4,0.3,0.2,1.3,1.3,0.2,0.8,1.3,1.2,0.8,0.3,1.5,1.8,0.9,0.9,1.5,1.0,0.9,0.9,1.5,2.1,3.2,2.7,3.3,0.8,1.5,0.3,0.9,1.5,1.0,0.9,0.9,1.4,1.4,0.7,1.8,1.4,1.3,0.8,0.9,0.8,1.3
28 Feb 2018,51.0,0.9,0.8,1.3,0.9,0.8,1.2,0.8,1.3,0.2,1.3,0.3,1.2,1.8,1.4,0.8,0.8,0.8,0.8,1.3,0.8,2.4,0.9,1.9,1.0,0.9,0.9,1.6,1.5,0.8,0.9,0.9,1.4,1.5,0.9,1.6,0.9,1.5,0.9,1.4,0.9,0.9,1.4,0.8,0.8,0.7,0.8,0.8,0.7
01 Mar 2018,352.1,1.8,0.9,1.3,1.3,0.9,0.8,0.3,1.3,0.3,1.2,0.4,1.3,1.7,0.3,0.8,1.2,0.3,1.3,7.2,11.7,16.8,18.8,21.7,18.5,20.6,21.3,19.5,16.0,17.1,22.2,22.9,21.7,19.6,19.8,14.2,14.1,3.9,0.3,0.8,0.9,0.2,1.3,0.7,0.8,0.7,0.2,0.8,0.7
02 Mar 2018,329.0,0.2,1.3,0.2,1.2,0.3,0.3,1.2,1.4,0.3,0.2,0.3,0.2,0.2,0.2,0.0,0.7,0.2,1.3,6.5,16.8,20.0,15.3,18.1,23.0,17.8,20.8,14.3,12.5,20.3,19.5,18.2,19.7,13.7,14.7,16.0,12.1,6.4,2.6,2.9,0.8,0.8,2.4,0.2,0.7,0.8,0.7,0.2,1.2
03 Mar 2018,43.4,2.2,0.1,0.2,1.3,0.1,0.2,0.3,0.1,1.3,1.3,1.2,0.3,1.4,1.2,0.1,0.7,1.2,1.2,0.2,0.2,1.3,4.1,0.2,0.8,1.3,0.6,0.8,1.2,0.2,1.9,0.8,0.1,0.8,0.8,0.2,0.8,0.9,1.3,1.7,0.8,0.9,0.7,0.8,0.2,0.2,0.7,2.3,1.7
04 Mar 2018,224.6,0.2,0.1,0.7,1.2,0.2,0.6,0.8,0.8,1.8,0.6,0.2,0.8,0.7,0.1,1.7,0.7,0.2,0.7,3.6,8.8,9.3,10.3,10.1,11.1,7.5,7.8,8.3,11.2,13.7,15.2,10.6,13.6,16.7,13.9,13.4,11.6,3.7,3.2,3.9,0.1,0.2,0.4,1.7,0.3,0.3,0.4,0.5,0.6
05 Mar 2018,200.4,0.4,0.5,0.4,0.2,0.2,0.2,1.2,1.4,0.6,0.1,0.4,0.3,0.5,0.6,0.6,0.3,1.7,0.2,0.5,3.9,3.7,8.0,7.8,6.9,8.2,9.7,10.5,9.0,11.4,14.0,12.8,10.4,13.7,14.6,14.5,12.4,6.0,1.6,1.0,1.0,0.4,1.0,0.8,1.6,0.9,1.0,1.0,2.1
06 Mar 2018,232.9,1.6,0.7,0.3,0.5,0.3,1.3,0.7,1.0,1.5,0.5,0.7,1.5,0.4,1.0,1.2,0.6,1.5,1.8,5.2,8.8,10.3,11.6,13.7,9.7,10.5,8.0,9.5,9.0,10.0,15.5,14.0,13.2,12.0,14.9,10.2,9.9,7.3,2.0,0.9,0.8,0.9,0.7,0.8,0.8,0.9,1.3,1.5,1.3
07 Mar 2018,48.8,1.5,2.6,1.4,1.3,1.2,0.4,1.2,1.0,0.6,0.8,0.6,1.6,0.8,1.0,0.4,1.6,0.6,0.5,0.6,0.8,0.6,0.7,1.5,0.6,0.9,0.3,2.2,0.2,2.0,,0.3,0.0,2.0,1.7,1.3,0.4,1.6,0.5,1.1,1.2,1.1,1.3,1.0,1.0,1.6,0.6,1.7,0.9
08 Mar 2018,280.6,0.7,0.3,0.2,0.5,0.3,0.5,0.4,0.9,1.4,1.6,0.6,0.9,1.2,0.5,1.2,0.6,0.5,0.6,4.0,8.6,10.4,9.1,11.4,11.4,10.0,10.1,9.7,11.3,17.5,18.8,18.9,16.0,17.7,18.6,18.2,14.0,12.4,7.0,4.5,0.3,1.3,0.7,0.8,0.8,0.6,0.8,1.2,1.7
09 Mar 2018,266.5,0.8,0.7,1.2,0.7,0.7,0.6,0.3,1.2,1.2,0.3,0.3,0.2,0.4,0.3,0.2,0.4,0.7,1.2,3.7,10.2,10.9,13.6,15.3,15.4,15.9,14.8,12.0,9.4,8.0,10.0,16.7,20.2,20.4,20.5,15.0,12.9,5.6,2.8,1.7,0.0,,,,,,,,
10 Mar 2018,214.6,,,,,,,0.1,0.8,0.3,0.6,0.7,0.5,1.0,0.2,0.7,0.7,0.1,1.1,4.2,6.3,7.5,9.1,8.7,10.5,9.4,8.0,9.2,8.8,13.1,11.2,10.4,11.8,14.7,12.8,15.9,12.9,10.7,5.7,2.8,0.1,0.6,1.1,0.6,0.6,0.6,0.1,0.5,0.1
11 Mar 2018,256.9,1.0,1.0,0.1,0.1,0.1,0.1,0.1,0.1,0.1,1.0,0.5,0.1,0.5,1.0,0.1,0.1,0.6,1.0,1.1,3.0,6.6,12.9,14.7,17.6,14.0,11.5,9.3,10.2,11.2,12.5,16.0,14.0,12.9,13.4,13.7,14.2,7.8,4.1,3.0,2.8,3.3,2.4,3.4,2.3,2.7,3.2,3.2,2.4
12 Mar 2018,236.4,2.4,2.3,2.6,3.2,3.3,2.4,2.3,2.6,2.6,2.3,3.2,2.1,2.6,2.7,0.8,1.3,0.6,0.6,1.4,5.0,7.7,9.0,9.1,8.6,8.8,8.0,6.7,6.5,13.5,12.9,10.8,14.0,13.5,14.3,11.5,8.8,3.0,3.2,2.1,2.6,2.1,2.0,1.5,2.0,2.0,2.0,1.3,2.4
13 Mar 2018,103.6,2.4,1.4,1.4,1.3,1.3,1.2,1.3,1.8,2.3,1.7,1.3,1.9,1.9,1.3,1.8,2.4,2.4,2.4,2.3,2.6,3.5,2.5,3.2,3.3,2.8,3.4,2.3,1.8,2.9,2.4,2.3,2.9,1.8,2.8,1.7,2.8,1.7,2.7,2.1,2.1,2.6,2.0,1.5,2.5,2.0,2.0,2.4,1.4
14 Mar 2018,72.8,2.4,1.4,2.5,2.4,1.4,1.3,1.3,1.4,1.3,2.3,2.2,2.2,1.1,1.3,1.4,2.3,2.3,2.3,2.3,1.4,2.5,2.1,2.2,2.2,1.7,2.3,2.3,1.7,2.9,1.8,2.3,2.4,2.3,0.1,1.2,0.1,1.0,0.1,0.6,0.6,0.6,0.6,0.6,0.5,0.6,1.1,0.1,0.5
15 Mar 2018,302.1,0.5,0.1,0.5,0.5,0.5,0.1,0.5,1.0,0.1,0.1,0.1,0.1,0.1,0.1,0.1,0.1,0.1,0.6,4.9,8.9,12.1,14.1,12.6,17.3,15.8,20.2,16.0,12.4,14.6,18.7,20.2,18.4,13.9,18.6,14.6,15.4,9.0,5.5,4.4,3.8,2.5,0.5,1.1,0.5,0.0,1.0,0.0,0.1
16 Mar 2018,212.3,0.5,0.0,0.5,0.0,0.5,1.0,0.5,0.0,0.0,0.0,0.0,0.0,0.0,0.0,0.0,0.0,0.0,0.0,5.0,5.5,7.2,7.8,6.3,6.9,8.0,6.2,5.5,7.0,13.5,17.5,14.5,13.9,11.2,13.9,16.0,14.1,7.7,3.0,2.0,1.2,2.8,2.2,1.2,1.8,1.7,1.7,0.6,2.7
17 Mar 2018,307.5,0.6,0.6,1.2,1.6,1.1,1.7,0.2,0.2,1.1,2.0,3.0,2.5,2.0,3.1,3.6,3.1,2.0,1.2,5.1,8.7,10.1,10.3,14.3,17.6,16.9,14.6,12.7,12.0,11.9,15.1,17.2,15.3,13.8,15.9,14.5,12.7,9.6,4.5,5.4,2.2,2.7,3.1,2.3,2.3,2.1,1.1,1.6,1.1
18 Mar 2018,283.2,1.6,1.1,1.6,2.1,0.1,1.1,1.1,0.1,0.1,0.1,0.1,0.1,1.0,0.6,0.1,0.1,0.1,0.1,3.5,6.0,9.3,10.1,12.4,14.7,13.4,14.1,15.3,13.9,14.7,14.6,15.4,18.9,12.4,15.4,12.5,11.2,9.0,6.1,4.6,3.7,4.7,5.0,3.2,4.5,0.1,1.6,1.6,0.6
19 Mar 2018,316.9,0.6,0.1,0.6,0.6,0.6,0.4,0.6,0.1,0.5,1.0,1.0,1.6,1.1,0.1,0.1,0.1,0.6,1.1,4.5,7.4,11.9,12.4,10.3,18.8,13.8,16.8,13.0,14.2,16.8,16.3,19.4,17.2,16.0,15.7,20.6,17.4,15.7,14.4,4.3,1.6,2.7,0.0,1.4,0.1,0.7,1.1,0.6,1.1
20 Mar 2018,301.0,0.6,1.6,0.6,0.1,1.1,0.1,1.1,0.1,0.1,0.6,2.1,1.1,1.6,0.6,0.6,1.1,0.1,1.1,7.6,14.7,16.4,20.2,17.3,14.6,12.7,12.9,11.7,10.9,16.1,14.5,14.0,12.6,12.2,14.8,17.0,16.0,8.0,4.4,2.7,2.2,1.2,1.7,2.2,1.9,1.2,2.2,1.1,1.2
21 Mar 2018,66.8,2.2,1.1,1.2,2.2,1.1,1.2,1.2,1.2,1.3,1.1,1.2,2.3,1.1,1.2,1.2,1.1,1.2,2.2,1.1,1.2,1.3,1.2,1.3,1.3,1.3,2.4,1.3,1.3,2.5,1.3,1.3,1.3,1.2,1.3,1.3,1.3,1.4,1.2,2.4,1.2,1.3,1.4,1.1,1.3,1.1,1.2,1.2,1.2
22 Mar 2018,351.3,1.2,1.1,1.3,1.2,1.2,1.2,2.1,1.2,1.2,1.1,1.3,1.1,1.2,1.2,1.2,1.2,1.1,1.2,7.3,16.9,15.7,18.7,17.4,14.6,15.9,16.0,12.5,13.0,20.0,18.2,17.9,18.7,19.2,15.3,19.4,14.6,5.0,4.7,4.8,3.3,3.7,3.1,3.1,2.6,2.5,2.7,0.0,2.4
23 Mar 2018,422.2,2.6,2.7,2.5,2.7,2.5,2.6,3.5,2.4,1.9,2.4,2.5,1.8,3.4,2.6,1.7,2.6,1.9,0.0,14.3,23.1,0.0,19.8,19.8,18.8,19.3,17.9,15.6,15.9,20.3,21.1,20.8,21.2,19.5,18.4,19.0,15.6,11.3,8.6,7.1,7.6,5.0,4.6,5.8,4.6,2.3,0.8,1.3,0.8
24 Mar 2018,335.0,0.7,0.9,1.7,1.3,0.8,1.2,1.3,3.2,0.3,0.3,0.7,1.2,1.1,1.9,0.2,0.3,0.3,0.9,7.9,17.5,17.1,17.4,20.2,18.7,18.1,18.4,14.8,13.1,17.5,21.6,19.2,17.1,15.8,16.8,17.7,13.1,5.1,1.6,0.7,1.3,1.2,0.5,0.7,1.2,0.2,0.7,1.2,0.2
25 Mar 2018,300.8,0.1,0.2,0.1,0.2,0.2,0.5,1.2,0.2,1.2,0.6,0.2,1.2,0.2,0.7,0.7,0.7,0.1,2.7,8.2,11.3,7.4,15.0,16.4,18.1,16.5,14.6,14.6,14.2,14.3,16.9,16.4,17.3,16.6,13.5,16.7,11.3,6.5,3.0,2.4,1.8,2.4,2.4,2.8,2.3,1.8,1.8,1.8,1.8
26 Mar 2018,331.6,1.8,1.7,1.8,2.7,2.2,2.2,2.7,1.6,2.7,1.6,2.8,2.2,1.7,2.7,1.7,0.7,0.7,2.6,9.1,19.4,17.3,16.2,13.9,15.3,16.9,16.0,10.0,9.4,12.9,16.1,16.6,15.7,15.7,14.5,15.6,14.7,9.4,3.1,4.4,1.4,1.2,1.0,1.9,2.3,0.6,0.6,2.5,1.8
27 Mar 2018,55.2,1.4,1.5,1.9,1.0,1.8,0.7,1.6,0.6,1.6,0.9,1.0,0.7,0.5,0.9,1.2,2.0,0.9,1.2,0.4,1.2,1.0,1.6,0.9,1.8,1.2,1.2,1.0,0.0,0.0,3.2,1.2,1.6,1.1,0.9,1.2,1.5,0.3,1.1,1.3,1.1,1.6,0.5,1.4,1.1,0.5,0.6,1.7,1.7
28 Mar 2018,53.6,1.7,1.6,1.0,0.3,2.2,1.5,0.3,0.0,0.0,0.0,1.8,1.3,1.3,1.7,0.7,1.2,1.5,1.3,0.6,1.5,1.0,1.5,1.4,0.8,1.9,1.1,1.5,1.6,1.1,1.0,1.1,1.5,0.9,1.1,1.0,0.0,1.8,1.5,1.2,2.0,0.2,1.5,1.0,1.5,1.2,0.6,0.5,0.5
29 Mar 2018,320.3,0.8,0.4,0.5,0.4,1.5,0.9,1.0,1.8,1.1,1.2,1.2,1.0,1.2,1.6,1.0,1.3,1.7,1.8,6.6,13.0,14.2,15.5,14.0,18.3,15.0,17.4,12.3,16.0,18.1,16.7,13.4,14.1,16.7,17.3,15.8,18.2,7.9,4.3,3.7,2.7,1.7,1.6,2.1,0.7,1.1,0.6,0.2,0.8
30 Mar 2018,297.3,1.3,1.2,1.1,1.2,0.3,0.8,0.7,1.0,1.0,0.7,0.3,0.2,0.9,0.5,1.2,0.5,0.0,1.3,2.9,8.6,15.3,13.1,14.2,13.8,13.0,10.9,15.3,11.8,16.6,17.5,17.2,18.9,14.8,17.6,14.6,15.6,12.1,7.7,4.3,1.2,1.1,1.0,0.1,1.3,0.3,0.7,1.1,0.7
31 Mar 2018,339.3,0.3,0.3,0.1,0.6,1.3,1.2,0.1,0.6,1.2,0.3,1.1,0.1,1.2,0.3,1.1,0.1,0.2,1.3,8.0,15.6,13.5,16.8,21.0,18.6,17.6,23.0,14.4,14.2,18.3,17.2,17.3,17.7,16.0,16.9,15.6,15.5,6.4,5.4,3.6,2.8,4.3,1.2,2.2,0.6,1.2,0.8,1.2,1.1
01 Apr 2018,283.2,0.8,1.3,0.1,0.1,1.3,1.3,1.1,1.1,1.3,1.3,0.1,1.2,0.3,0.7,1.6,0.7,1.3,0.2,8.4,13.3,15.1,17.2,18.0,15.0,13.0,17.6,18.7,19.0,14.3,15.0,7.8,0.0,7.7,17.5,10.5,16.2,8.9,2.9,2.3,0.6,1.6,1.3,0.7,1.1,0.6,0.8,1.3,1.2
02 Apr 2018,358.6,0.1,0.2,0.3,0.2,0.1,0.6,1.3,0.2,0.6,0.7,0.8,0.7,1.6,0.1,1.3,0.2,2.1,3.1,11.8,16.4,21.4,18.6,18.6,13.6,13.4,14.3,14.3,11.4,16.2,19.6,20.8,17.3,19.9,15.5,15.0,14.9,15.5,10.2,8.6,7.5,2.2,1.4,0.8,0.2,2.3,1.4,1.2,0.3
03 Apr 2018,340.3,1.9,0.7,1.2,1.4,1.3,1.2,0.4,1.3,0.2,0.3,1.3,0.2,0.8,0.4,1.2,0.2,0.9,1.2,11.7,18.2,16.8,19.4,18.5,15.1,14.6,14.7,13.3,10.2,17.4,20.0,19.5,17.2,17.1,16.5,16.5,17.9,9.1,7.4,2.5,1.0,2.4,1.5,1.2,0.3,1.3,1.2,0.3,1.4
04 Apr 2018,45.7,0.2,0.3,0.4,0.2,1.3,1.3,0.2,0.4,1.3,0.7,2.3,0.3,1.2,0.4,1.3,0.8,0.4,1.3,1.2,1.4,0.3,2.3,0.9,0.9,0.8,2.0,0.8,0.8,1.0,1.3,0.3,1.5,0.8,1.0,1.4,0.7,0.9,1.4,0.8,1.9,0.8,0.8,0.9,0.7,1.3,0.9,1.2,0.3
05 Apr 2018,325.5,0.8,1.2,0.8,0.2,0.3,0.9,1.2,0.8,0.4,0.9,0.9,1.3,1.2,2.3,1.1,1.2,1.2,1.2,9.5,20.5,21.9,17.0,14.6,17.8,0.0,11.3,18.8,12.2,13.8,19.9,21.8,22.3,17.7,16.2,11.8,12.0,10.0,4.2,2.8,1.1,1.2,1.2,1.0,1.2,2.0,1.1,2.1,1.0
06 Apr 2018,343.3,1.2,2.0,1.2,1.0,1.1,1.1,1.0,1.2,1.0,1.1,1.0,1.0,2.1,1.1,1.1,1.1,1.2,1.0,14.4,20.2,20.5,19.9,16.7,17.5,19.4,18.8,16.4,14.1,18.2,13.9,15.3,18.2,15.9,15.8,13.6,11.9,5.4,3.0,1.3,1.2,2.2,2.2,1.7,1.2,0.7,1.2,1.1,0.8
07 Apr 2018,377.4,0.6,0.8,1.0,0.8,0.1,1.3,1.0,1.2,1.0,2.3,2.0,2.2,1.0,1.2,0.1,0.2,0.6,0.8,10.4,20.8,18.1,17.5,19.6,18.4,18.2,17.6,14.4,14.9,22.2,25.9,22.9,19.0,17.7,20.6,19.7,15.2,10.2,1.6,1.4,2.0,1.5,1.4,2.6,2.1,0.7,1.2,0.7,0.7
08 Apr 2018,114.5,0.1,1.3,2.1,1.2,1.2,0.7,0.7,1.2,0.2,0.6,0.2,0.5,1.1,0.5,1.3,2.1,1.4,1.6,7.2,9.4,11.7,13.5,14.6,7.8,0.0,0.0,0.0,0.0,0.0,0.0,0.0,0.0,0.0,0.0,0.0,0.0,0.0,0.0,0.0,7.1,4.9,4.8,4.8,1.9,2.3,2.3,3.1,1.1
09 Apr 2018,311.1,1.3,2.3,3.0,2.2,2.3,2.1,1.1,2.3,1.1,2.2,1.3,1.1,1.1,0.2,2.1,0.0,1.2,4.0,8.1,11.2,14.7,12.6,18.0,14.2,16.8,12.4,10.1,10.9,14.6,17.9,20.1,17.4,18.3,18.4,15.7,18.4,6.0,0.0,0.0,0.0,0.0,0.0,0.0,2.1,1.0,0.1,0.6,0.6
10 Apr 2018,57.0,2.1,0.6,1.1,0.1,1.6,1.1,0.6,1.1,1.1,0.1,0.6,2.1,2.1,1.1,1.1,0.1,0.1,1.1,1.6,0.6,0.6,1.1,1.1,0.6,0.6,1.7,1.7,0.6,1.2,0.6,1.2,0.7,0.6,1.2,1.2,1.7,2.2,1.1,2.2,1.7,2.2,1.6,1.6,1.6,1.8,2.1,2.1,0.6
11 Apr 2018,47.4,1.6,0.6,1.1,1.6,0.6,1.1,0.5,1.1,0.6,0.6,1.1,0.6,1.1,0.1,0.6,1.1,1.6,1.6,2.1,1.6,1.6,1.1,1.6,2.2,1.6,2.2,2.2,1.1,1.1,1.1,2.2,2.2,1.1,1.1,2.2,1.1,0.0,0.0,0.0,0.0,0.0,0.0,0.0,0.0,0.0,0.0,0.5,
12 Apr 2018,312.6,,,,2.0,1.0,2.0,1.0,1.1,0.1,2.1,1.1,1.0,1.0,0.1,0.1,0.1,1.0,0.6,10.0,14.6,13.7,16.2,18.4,15.9,16.0,15.5,10.5,10.8,14.1,17.8,15.9,15.5,16.4,15.6,13.7,15.1,7.1,2.4,2.4,2.9,1.7,2.4,2.4,2.0,2.1,2.3,2.3,2.4
13 Apr 2018,256.1,1.6,1.9,2.4,2.6,1.4,2.4,1.6,2.5,1.4,2.6,1.9,2.4,1.5,2.4,1.6,2.0,1.8,1.2,6.0,10.3,9.9,11.6,13.2,9.4,12.3,0.0,5.0,11.8,0.0,9.2,18.0,18.4,15.6,14.5,17.2,10.0,10.1,8.9,0.6,1.2,1.2,0.6,2.2,0.3,1.7,1.1,0.2,0.2
14 Apr 2018,234.1,1.2,1.2,1.1,0.2,1.2,0.7,1.1,1.1,1.1,1.2,1.1,0.7,0.2,1.9,2.2,1.2,1.2,1.2,10.7,8.4,10.6,9.1,7.3,10.0,11.7,12.1,13.2,14.2,13.3,9.9,11.1,12.7,13.7,12.2,6.5,5.8,1.9,1.7,3.0,1.5,2.3,1.5,1.9,1.7,1.2,1.8,1.8,1.5
15 Apr 2018,126.5,1.9,1.5,2.5,2.3,1.7,2.9,1.9,1.9,1.5,2.4,2.8,2.1,1.9,0.8,1.8,0.5,0.6,1.1,6.1,10.9,8.1,0.0,0.0,0.0,0.0,0.0,0.0,0.0,0.0,0.0,0.0,0.0,18.6,12.2,13.5,10.9,7.0,3.5,1.0,0.5,0.0,0.0,0.0,0.0,0.0,0.0,0.0,2.0
16 Apr 2018,83.2,2.0,1.0,0.5,0.9,1.6,2.0,1.0,1.0,1.0,1.0,0.5,1.1,1.5,0.7,0.1,0.0,1.0,1.0,5.6,6.2,13.5,4.5,5.2,0.0,0.0,0.0,0.0,0.0,0.0,0.0,0.0,0.0,0.0,0.0,0.0,0.0,0.0,0.0,3.2,7.9,6.3,3.9,1.3,1.2,1.9,1.8,1.2,1.4
17 Apr 2018,213.0,1.4,1.3,1.1,0.7,1.8,0.6,0.7,2.4,1.2,1.6,1.2,0.4,0.2,0.2,1.8,1.2,2.2,2.3,7.9,8.2,10.3,9.2,12.4,0.0,0.0,11.1,8.1,10.0,13.3,12.9,16.6,14.2,13.6,10.2,9.5,10.8,3.3,0.9,0.5,0.3,1.2,2.0,1.2,0.3,0.5,0.3,0.7,1.4
18 Apr 2018,50.1,0.7,0.3,1.4,1.3,0.8,2.4,1.3,1.3,1.4,1.8,0.5,2.3,0.8,0.9,0.8,0.8,0.5,0.3,1.4,1.4,0.8,0.3,0.8,1.0,1.3,0.9,1.3,1.4,0.9,1.3,1.5,0.8,1.4,0.7,1.0,1.3,1.4,0.7,1.2,1.9,1.4,1.9,0.7,0.4,0.4,0.4,0.3,0.5
19 Apr 2018,252.1,0.4,1.0,2.3,0.7,1.8,2.4,0.3,0.6,0.8,0.8,0.8,0.3,1.3,0.8,1.3,0.8,1.2,1.3,8.3,11.3,13.4,13.2,12.8,12.9,12.7,10.0,11.1,12.6,14.1,10.6,15.2,15.4,9.8,9.9,10.1,8.3,6.1,2.2,0.8,3.2,1.3,1.3,2.2,0.7,0.1,1.2,1.8,0.7
20 Apr 2018,259.5,0.7,0.7,0.7,1.2,0.7,1.2,0.1,0.7,0.7,2.2,1.1,0.7,0.2,1.2,1.7,0.6,1.2,0.2,1.3,9.0,12.0,10.9,16.0,15.3,13.3,14.1,11.4,0.0,0.0,13.3,16.0,18.0,16.7,14.3,15.2,13.1,8.5,3.7,4.1,5.8,2.4,1.6,3.2,2.0,0.2,0.2,1.0,1.2
21 Apr 2018,241.8,0.6,0.6,0.6,2.1,0.2,2.0,0.6,0.7,0.6,1.6,0.6,0.7,0.6,1.1,1.1,0.6,0.6,2.1,6.1,12.5,11.1,10.9,11.0,12.8,14.8,14.4,9.1,11.6,11.8,10.1,11.8,11.2,11.5,8.9,8.5,10.5,5.9,3.5,3.9,0.7,4.1,1.0,0.6,1.5,1.5,0.7,2.2,0.1
22 Apr 2018,208.5,2.1,2.3,2.2,2.6,1.9,3.6,1.9,2.7,2.5,2.5,2.4,2.4,2.5,0.6,1.1,0.2,1.2,0.1,0.0,0.0,4.3,8.7,0.0,0.0,10.5,9.6,10.0,8.9,9.3,11.4,11.5,14.9,15.0,15.1,14.6,11.8,9.9,0.8,0.0,0.0,1.4,1.1,1.4,0.5,2.2,0.2,0.1,0.6
23 Apr 2018,290.0,0.3,0.2,0.1,1.1,1.2,0.1,0.5,0.7,0.6,0.5,1.6,0.7,0.5,1.6,0.6,1.9,0.1,1.0,4.5,7.7,12.0,12.6,12.9,10.3,13.0,9.2,12.3,11.7,16.2,14.0,14.6,13.8,12.8,13.9,15.0,12.8,7.2,5.2,4.4,6.9,5.6,6.1,6.0,5.6,4.0,1.7,1.8,3.0
24 Apr 2018,97.5,3.5,3.3,1.9,3.1,2.4,2.3,2.1,2.5,1.4,3.3,2.1,3.5,2.5,2.7,1.8,1.5,1.2,1.1,1.5,2.0,0.9,3.2,5.8,6.5,2.1,1.0,2.2,1.4,2.0,2.3,1.0,2.0,1.9,1.8,1.1,0.8,0.8,1.8,1.1,1.0,1.4,1.5,1.7,1.4,0.9,1.5,0.7,2.0
25 Apr 2018,62.2,1.0,0.4,0.6,0.6,1.6,1.5,1.6,0.8,2.5,2.5,0.6,2.0,2.1,0.5,2.2,2.1,0.6,2.2,2.4,1.3,1.4,2.8,0.4,1.9,1.4,1.1,1.6,0.9,1.0,1.6,0.9,0.5,1.9,0.6,2.4,0.9,1.1,1.6,1.4,0.3,0.6,0.2,0.4,0.4,1.6,1.4,0.9,1.5
26 Apr 2018,235.2,1.6,1.4,1.3,2.6,1.0,0.8,2.3,2.2,0.7,2.7,1.0,0.4,1.7,0.5,0.4,1.4,0.6,1.0,5.1,7.7,11.3,11.7,11.6,12.9,9.6,5.8,12.1,13.0,12.1,9.3,9.1,9.8,8.7,8.8,7.9,7.7,7.7,3.2,2.8,2.9,3.2,2.9,2.8,2.2,2.4,2.1,1.8,3.4
27 Apr 2018,198.4,2.2,2.2,1.8,2.1,2.3,1.8,2.1,2.8,2.1,1.9,2.7,2.1,2.3,2.7,1.8,0.8,0.2,1.2,2.8,5.4,9.8,8.3,11.8,8.7,9.0,9.6,8.1,9.2,0.0,9.4,7.5,8.7,13.1,9.3,9.7,8.7,4.7,0.7,1.1,0.7,0.6,1.1,0.2,0.6,1.1,1.0,1.2,1.2
28 Apr 2018,196.6,1.1,0.7,0.6,0.7,0.5,1.1,1.1,0.1,0.7,1.0,1.1,0.2,1.0,1.2,0.1,0.7,1.1,1.1,4.2,4.0,7.7,7.0,8.9,7.9,8.6,9.4,10.1,9.4,9.3,9.9,12.3,12.0,14.4,12.2,12.0,10.0,2.6,1.3,1.1,1.1,1.0,1.2,1.0,1.2,1.0,1.1,0.5,0.2
29 Apr 2018,202.0,0.2,1.1,1.1,0.5,0.2,0.1,1.2,1.0,0.3,0.1,1.2,0.5,0.2,1.1,0.6,0.0,0.6,0.1,5.9,6.6,7.2,6.5,10.0,11.1,12.2,12.0,10.1,11.0,10.1,8.6,12.2,9.1,11.6,8.0,9.8,7.7,3.2,2.7,2.5,0.7,0.0,1.2,2.0,2.0,2.2,1.5,2.0,2.3
30 Apr 2018,145.1,1.4,1.2,1.9,2.2,1.2,2.4,1.3,1.2,2.0,2.4,1.4,2.4,1.5,1.8,1.3,0.6,0.5,0.6,4.2,7.3,7.0,6.9,5.4,5.7,0.0,0.0,0.0,7.5,5.8,4.2,9.1,8.1,7.3,8.1,8.6,9.1,5.0,0.5,1.3,0.5,0.1,1.6,0.5,0.1,1.6,0.5,1.1,0.5
01 May 2018,18.1,0.5,0.5,2.0,0.5,0.1,2.0,0.1,0.5,0.5,1.6,0.5,0.5,0.6,2.0,0.1,1.0,0.5,0.1,4.1,0.0,0.0,0.0,0.0,0.0,0.0,0.0,0.0,0.0,0.0,0.0,0.0,0.0,0.0,0.0,0.0,0.0,0.0,0.0,0.0,0.0,0.0,0.0,0.0,0.0,0.0,0.0,0.0,0.0
02 May 2018,23.1,0.0,0.0,0.0,0.0,0.0,0.0,0.0,,,,,,,,,,,,,2.0,2.0,0.4,1.1,0.1,1.1,1.6,1.0,0.1,0.1,2.1,0.1,1.0,1.1,0.5,1.5,0.1,0.5,1.5,0.1,1.0,0.5,0.7,0.5,1.1,0.5,0.1,0.5,0.5
03 May 2018,100.2,0.1,2.0,0.1,1.1,1.0,0.5,0.1,1.5,1.0,0.5,1.1,0.1,1.0,0.9,1.1,0.1,0.1,0.1,1.3,3.8,4.4,5.0,7.5,4.3,4.9,5.9,3.5,5.8,4.2,3.5,4.8,2.5,4.9,3.6,6.5,2.1,3.4,0.5,0.1,0.5,1.0,0.1,1.0,0.5,1.0,0.5,0.1,1.0
04 May 2018,109.7,0.5,0.1,0.5,0.1,0.5,0.5,0.1,1.0,0.1,0.5,0.1,1.0,1.0,0.5,0.1,0.1,0.1,0.1,2.2,2.6,5.3,7.2,6.2,6.7,3.7,5.2,4.0,2.6,1.0,5.5,5.6,4.7,6.8,6.9,5.9,3.8,4.4,1.8,2.8,1.1,1.2,1.1,0.7,1.6,0.2,1.1,1.1,0.1
05 May 2018,112.8,0.3,0.6,1.1,0.7,0.2,0.1,0.6,1.1,1.0,1.0,1.0,0.8,0.1,0.2,0.2,0.1,0.2,0.1,1.2,0.7,2.2,2.8,5.5,5.7,3.9,6.7,4.0,6.4,9.8,6.6,5.2,7.4,5.9,6.8,3.5,4.3,3.2,2.2,1.3,1.1,1.6,0.2,1.2,1.3,0.7,0.3,1.1,1.2
06 May 2018,126.0,1.1,1.2,0.7,1.1,0.3,0.6,1.1,1.6,1.2,1.0,1.7,0.3,1.6,2.2,0.3,0.2,2.2,0.7,1.9,7.2,4.7,5.4,7.7,3.8,3.2,1.9,3.4,4.0,10.8,7.9,9.7,8.3,5.4,4.3,2.8,3.8,1.5,0.6,1.2,1.2,0.2,1.2,0.7,0.8,2.2,0.2,0.6,0.3
07 May 2018,84.7,2.3,1.2,1.8,0.1,0.7,0.6,1.7,0.2,0.9,0.3,1.2,1.1,0.2,0.6,0.7,1.3,0.6,0.3,1.0,3.3,2.3,2.7,3.9,3.4,2.9,0.0,0.0,0.0,4.1,8.1,7.5,6.2,6.7,2.6,1.7,5.3,1.8,0.6,1.0,1.1,0.0,0.0,0.0,0.6,0.1,0.9,0.5,0.5
08 May 2018,109.3,1.0,0.3,0.5,0.5,0.1,0.7,0.7,0.2,0.9,0.1,1.1,0.3,0.5,0.9,0.1,1.0,0.1,0.5,2.4,3.6,3.8,4.8,3.7,4.3,4.2,6.4,4.0,5.5,4.2,5.0,6.2,7.2,7.5,5.6,3.6,4.6,3.0,0.9,1.1,2.0,0.5,0.6,2.1,0.2,0.7,0.7,0.2,1.1
09 May 2018,39.1,0.1,0.2,0.1,1.0,0.6,0.1,0.2,0.6,1.0,1.1,0.6,0.5,1.6,2.0,2.1,1.6,0.7,0.3,1.2,0.6,0.7,0.0,1.7,3.3,0.7,0.0,0.0,0.0,0.0,0.0,0.0,0.0,0.0,0.0,0.0,0.0,3.9,0.8,1.6,1.6,1.2,0.7,0.7,1.1,0.5,0.5,2.4,1.4
10 May 2018,116.8,1.6,1.3,0.1,1.6,0.3,0.7,1.0,0.9,1.6,2.0,0.2,0.2,0.1,0.7,1.0,1.0,1.3,1.8,1.7,3.6,3.5,4.2,5.5,4.2,4.2,4.3,1.7,2.8,2.3,4.5,4.4,6.4,5.6,5.6,7.2,5.2,7.4,4.2,0.4,1.3,2.0,0.2,1.9,0.0,1.1,0.5,2.2,1.5
11 May 2018,118.8,0.6,1.9,1.1,1.0,1.3,0.5,0.5,0.3,1.1,0.5,0.2,0.6,2.0,0.2,1.2,0.5,1.1,0.2,1.3,2.6,5.5,6.2,6.8,4.7,5.3,6.1,5.4,4.3,4.0,5.6,4.3,7.7,7.1,6.0,7.4,4.2,3.0,0.2,1.2,0.7,0.6,0.5,0.4,0.6,0.7,0.2,0.6,0.7
12 May 2018,118.0,1.7,1.0,0.7,0.9,1.0,0.8,0.7,1.0,0.8,0.6,2.1,1.4,1.1,0.6,0.3,0.6,0.7,0.3,0.6,2.9,2.4,4.3,3.7,3.3,6.1,6.5,4.4,3.1,5.0,7.1,7.0,8.9,5.5,6.2,4.9,6.3,3.2,0.0,1.7,0.3,1.1,0.5,0.7,2.5,0.5,0.2,1.0,1.6
13 May 2018,42.1,0.8,1.0,0.2,0.7,0.5,0.8,1.0,0.2,0.7,0.1,0.8,1.6,0.6,0.5,0.5,0.8,1.1,0.8,0.1,1.1,2.2,0.3,0.6,0.0,0.0,1.2,2.9,0.6,0.1,0.0,0.6,3.6,2.5,2.1,1.9,1.0,0.6,1.0,0.5,0.0,2.0,1.0,1.0,0.1,0.5,0.5,0.5,1.1
14 May 2018,48.2,0.5,0.5,0.5,1.0,0.5,0.5,0.5,1.1,0.5,0.5,0.1,1.5,0.5,0.1,0.5,0.5,0.1,0.5,0.5,0.5,1.6,1.2,0.1,0.0,2.5,2.3,2.6,0.5,1.0,1.4,3.9,1.5,3.0,1.9,1.6,2.6,3.5,0.0,1.0,0.5,0.6,1.0,1.0,0.1,0.0,0.5,0.5,0.5
15 May 2018,23.3,0.1,0.5,0.5,0.1,1.0,0.1,0.5,0.1,1.0,0.1,0.5,0.5,0.5,1.0,0.1,0.5,0.5,0.1,1.0,0.1,1.0,0.1,1.0,0.5,0.1,0.1,0.1,0.1,0.1,1.0,1.0,0.1,1.0,0.1,0.5,1.0,1.0,1.0,1.0,1.0,0.1,0.5,0.1,0.1,1.0,1.0,0.4,0.1
16 May 2018,29.3,1.0,0.5,0.5,1.0,0.1,1.0,0.1,1.0,0.6,0.7,0.5,0.1,0.5,0.6,0.5,1.0,0.1,1.0,0.1,1.0,0.5,0.1,1.0,1.0,1.0,1.0,0.6,0.1,1.0,0.1,1.0,0.5,1.0,0.1,0.5,1.0,1.0,0.5,0.1,0.1,1.0,1.0,0.5,0.5,1.0,0.7,0.1,1.0
17 May 2018,166.4,0.1,0.5,0.5,0.1,1.0,0.1,1.0,0.1,1.0,0.1,1.0,0.1,0.5,0.5,0.5,0.4,0.1,0.5,5.5,8.2,6.1,5.3,9.8,5.6,7.3,6.6,6.6,6.7,6.9,6.8,6.6,9.7,8.0,9.1,6.9,8.8,4.8,3.3,3.0,3.1,3.0,2.7,2.6,2.8,1.3,0.2,0.2,1.0
18 May 2018,168.7,0.0,0.0,1.2,1.0,1.1,1.1,0.1,0.2,1.0,1.2,0.1,0.6,1.0,0.7,0.6,1.1,0.6,0.1,6.5,7.1,6.9,5.9,8.9,8.0,4.5,11.4,9.7,9.0,11.2,9.5,7.8,6.7,8.9,5.5,9.0,7.1,3.4,1.6,2.1,1.0,1.5,1.8,0.1,0.2,1.2,0.1,0.2,0.6
19 May 2018,169.9,1.0,1.1,1.1,0.1,1.2,1.1,1.1,1.6,0.2,1.0,0.5,1.2,0.6,2.0,0.2,0.2,2.0,1.1,3.4,7.9,6.6,7.1,6.8,5.0,6.6,7.5,4.9,3.4,9.5,7.7,6.1,7.1,12.3,10.9,6.4,10.7,5.7,4.6,2.4,1.5,2.4,2.0,2.0,1.1,1.1,0.1,0.1,0.1
20 May 2018,169.3,0.1,0.5,0.1,0.1,0.1,0.5,1.0,1.0,1.0,1.0,0.1,0.1,1.0,1.0,0.5,0.1,0.1,0.1,3.4,8.4,11.2,11.1,0.0,0.0,0.0,4.4,10.4,10.4,10.2,12.8,11.4,9.5,10.0,11.0,11.5,8.8,7.1,1.5,1.4,0.9,0.5,0.5,0.9,0.0,0.5,1.0,1.7,0.7
21 May 2018,179.7,1.0,0.5,1.2,1.7,0.5,0.1,0.1,0.5,1.0,1.0,1.0,0.9,1.6,1.3,1.0,1.0,1.3,1.3,3.2,6.4,5.7,8.2,6.6,4.4,6.0,9.1,11.2,5.4,6.9,9.5,6.7,10.6,16.4,14.4,9.8,9.0,2.1,1.1,1.3,1.1,0.6,1.3,1.0,1.0,1.1,0.4,0.7,1.7
22 May 2018,183.3,1.6,0.9,0.5,0.5,1.2,2.0,0.6,0.7,1.0,0.6,1.6,1.1,0.7,0.4,1.8,0.5,0.6,0.6,3.4,8.5,7.8,9.4,10.1,10.1,8.7,12.4,7.3,7.1,4.8,7.3,7.4,11.4,6.4,9.2,7.4,8.2,1.9,1.1,1.4,1.1,1.4,1.1,1.4,2.1,2.0,2.1,2.1,1.8
23 May 2018,36.6,2.1,1.1,1.2,1.0,1.1,1.1,1.0,1.1,1.1,1.0,1.1,1.1,1.0,1.1,1.1,1.1,1.1,1.1,1.1,1.0,1.0,1.0,1.0,1.0,2.2,2.5,0.5,1.1,0.2,0.3,0.1,0.3,0.1,0.1,0.2,0.1,0.3,0.1,0.2,0.2,0.1,0.3,0.1,0.2,0.2,0.1,0.2,0.1
24 May 2018,223.9,0.3,0.1,0.2,0.2,0.1,0.3,0.1,0.2,0.2,0.1,0.3,0.1,0.1,0.3,0.1,0.2,0.1,0.1,4.5,8.7,9.8,8.5,13.6,15.9,8.7,12.0,10.3,6.6,14.4,16.3,12.9,11.4,12.1,11.5,13.2,11.4,5.4,1.3,1.3,2.1,0.8,1.1,1.2,1.1,1.2,1.2,1.2,0.7
25 May 2018,255.2,1.2,2.3,1.1,1.3,2.1,0.3,0.6,2.3,1.1,0.7,2.1,0.7,1.1,1.7,0.7,1.0,0.7,2.1,3.7,6.5,12.6,14.4,11.8,11.4,12.9,12.7,11.2,10.6,9.9,12.9,11.7,12.9,13.3,13.3,15.6,14.0,4.3,2.5,2.7,1.4,2.2,0.9,1.1,1.1,1.0,1.2,2.1,0.3
26 May 2018,219.7,1.0,0.7,2.2,0.6,0.8,1.0,0.8,1.6,0.7,0.7,1.6,0.7,0.6,0.8,0.6,0.7,1.1,1.0,5.9,12.4,10.3,11.5,10.1,12.7,9.9,11.0,9.9,7.4,9.1,12.5,11.6,9.8,11.5,8.0,8.6,8.6,5.6,3.5,2.5,1.9,1.1,1.5,0.7,0.7,1.0,1.8,1.0,0.7
27 May 2018,125.3,1.1,1.2,1.2,1.0,1.2,1.6,1.0,0.8,0.6,1.0,2.1,0.6,0.7,0.6,1.5,0.5,2.1,2.2,2.5,4.0,5.8,4.8,4.5,5.5,9.9,8.3,5.1,6.9,2.7,3.4,6.2,3.3,6.6,8.6,5.1,3.2,3.0,1.0,0.1,1.2,1.0,1.1,0.1,0.1,0.0,0.1,0.1,0.0
28 May 2018,75.0,0.1,0.1,0.0,0.2,0.1,0.0,0.2,0.1,1.2,0.2,0.0,1.1,0.2,0.0,0.0,0.2,1.1,1.0,1.0,1.2,2.0,1.2,3.7,4.2,3.4,3.8,5.4,3.3,3.7,3.5,3.8,5.0,4.5,3.8,5.2,3.6,3.2,0.4,0.4,0.2,0.2,0.9,0.3,0.1,0.4,0.3,0.2,0.1
29 May 2018,7.7,1.0,1.2,0.2,0.1,0.1,1.0,0.3,0.1,0.0,0.0,0.2,0.1,0.0,0.0,0.1,0.2,0.0,0.0,0.0,0.2,0.1,0.0,0.0,0.0,0.2,0.1,0.0,0.0,0.1,0.2,0.1,0.0,0.0,0.0,0.2,0.1,0.0,0.0,0.0,0.2,0.1,0.0,0.0,0.0,0.1,0.2,0.0,0.0
30 May 2018,4.6,0.0,0.1,0.2,0.1,0.0,0.0,0.0,0.1,0.2,0.1,0.0,0.0,0.0,0.0,0.2,0.2,0.0,0.0,0.0,0.0,0.2,0.2,0.0,0.0,0.0,0.0,0.1,0.2,0.1,0.0,0.0,0.0,0.0,0.2,0.2,0.0,0.0,0.0,0.0,0.2,0.2,0.0,0.0,0.0,0.0,0.0,0.2,0.2
31 May 2018,49.5,0.0,0.0,0.0,0.0,0.1,0.2,0.1,0.0,0.0,0.0,0.0,0.0,0.2,0.2,0.1,0.0,0.0,0.0,0.7,0.9,0.3,3.3,1.0,0.9,0.9,1.5,1.6,1.0,1.6,1.6,2.1,1.4,2.3,4.1,4.0,4.6,2.5,0.5,1.0,3.1,0.6,0.8,2.2,0.6,1.0,0.5,1.0,0.5
01 Jun 2018,73.8,1.2,1.1,0.5,1.0,1.0,1.0,0.5,0.2,1.1,1.0,1.0,1.0,0.9,1.0,0.9,1.2,1.1,1.0,1.0,0.5,1.4,1.0,2.0,2.2,2.6,3.2,2.1,2.5,2.0,3.0,3.0,3.2,1.0,1.6,3.0,3.2,2.8,2.4,2.8,0.2,0.6,2.0,1.7,1.2,1.3,2.2,0.6,1.1
02 Jun 2018,106.0,0.6,0.6,1.3,1.8,1.1,0.6,2.1,0.6,2.3,1.4,0.6,1.7,1.1,1.1,0.7,1.8,0.7,1.6,1.8,3.2,2.1,3.9,2.8,3.2,4.4,3.9,3.3,3.8,4.8,5.5,6.1,2.7,3.1,5.0,2.6,3.7,3.4,2.5,0.9,0.2,2.7,1.8,2.3,1.1,0.6,0.5,1.1,1.2
03 Jun 2018,102.0,1.8,0.7,1.7,1.1,1.8,1.2,1.2,1.3,1.6,1.6,1.2,1.2,0.8,2.8,0.6,0.6,2.1,0.4,2.3,2.6,2.7,3.7,3.4,3.4,3.1,2.2,4.2,2.3,1.4,5.1,3.7,3.6,7.6,3.0,0.0,3.7,1.9,2.4,1.7,1.9,1.8,2.1,1.1,1.6,1.3,2.6,1.1,0.8
04 Jun 2018,109.5,1.2,0.8,1.8,1.1,1.3,1.5,0.7,1.7,1.7,1.2,0.8,1.2,2.4,1.1,1.8,1.8,1.7,1.0,2.0,3.8,3.6,4.2,1.8,4.6,3.2,3.6,3.6,4.4,3.3,6.0,4.4,4.2,4.2,5.1,4.7,4.9,1.7,1.4,1.6,1.1,0.2,1.1,1.1,0.6,1.1,0.6,0.6,2.1
05 Jun 2018,109.6,1.6,0.6,0.6,0.6,1.1,0.6,1.1,0.6,1.7,0.6,1.0,0.6,0.6,0.6,1.0,1.7,0.6,1.0,2.1,4.1,3.1,4.0,5.4,3.5,5.5,5.5,2.8,5.9,4.7,5.4,4.4,4.4,5.3,5.0,4.5,5.4,2.4,1.1,0.6,1.1,0.6,1.1,0.6,1.1,1.7,1.1,0.6,0.7
06 Jun 2018,35.5,0.6,0.6,0.6,0.6,1.0,0.6,0.6,0.6,0.6,0.6,1.0,0.6,0.6,0.6,1.0,0.6,0.9,0.6,1.0,0.6,1.0,0.6,1.0,0.6,0.6,0.5,0.6,0.6,0.6,1.1,0.6,1.1,0.6,0.6,0.6,1.0,1.0,1.0,0.6,0.6,0.6,0.6,0.6,1.1,1.1,1.1,0.6,0.6
07 Jun 2018,59.5,0.6,1.1,1.1,0.6,0.6,0.6,0.6,0.6,0.6,0.6,0.6,0.6,0.6,0.6,1.1,0.6,0.6,0.6,2.0,2.8,0.7,2.1,1.4,1.1,2.7,1.4,1.4,2.8,1.9,2.8,3.2,2.5,2.1,1.3,1.0,1.2,1.0,0.6,2.0,0.6,1.0,0.6,2.1,1.0,0.6,0.6,1.6,1.0
08 Jun 2018,56.7,0.6,0.6,1.0,0.6,1.0,0.6,1.6,2.0,1.0,1.0,1.0,0.6,1.8,0.6,0.6,1.0,2.1,0.6,0.0,0.0,0.7,1.2,1.7,0.3,1.8,3.0,1.5,3.0,1.5,0.6,0.9,2.3,2.0,2.0,0.9,1.3,1.3,2.0,1.7,0.7,1.1,1.7,1.2,1.0,0.6,1.0,0.7,1.0
09 Jun 2018,71.0,0.6,1.1,0.5,1.0,0.7,1.1,1.1,0.5,1.1,0.7,0.7,1.0,0.6,1.5,0.5,0.5,1.0,1.1,1.6,1.4,1.8,2.3,0.0,1.9,1.8,0.8,2.7,1.8,1.6,1.6,1.6,5.3,2.4,2.5,6.1,5.0,0.8,3.0,1.6,0.7,1.0,1.0,0.6,1.2,1.2,0.7,1.1,0.5
10 Jun 2018,64.3,1.0,1.0,0.5,0.5,0.5,0.5,1.0,0.5,0.5,1.0,0.7,0.7,0.7,0.9,0.5,0.9,0.5,0.5,1.6,0.6,2.1,1.0,2.5,2.2,1.8,3.3,2.8,0.6,1.8,2.3,2.6,3.3,2.5,3.3,3.3,2.8,2.6,1.1,1.1,0.2,1.0,1.0,0.9,0.1,1.0,1.0,0.5,1.0
11 Jun 2018,68.9,0.5,1.0,1.0,0.5,1.0,0.5,1.0,1.2,1.2,0.7,1.1,1.2,1.1,0.7,0.9,0.9,0.5,1.0,1.3,1.0,1.0,1.9,0.0,2.0,3.3,2.6,4.6,2.8,2.5,0.0,0.0,2.3,4.3,1.2,1.6,2.2,1.0,2.1,3.1,1.0,2.2,1.8,1.2,0.7,1.6,1.0,1.6,1.0
12 Jun 2018,48.3,0.6,1.0,2.0,1.2,1.2,2.2,1.0,1.0,1.0,2.0,0.9,0.9,0.9,1.0,1.1,1.0,1.0,0.9,0.9,0.9,0.9,0.9,0.9,0.9,0.9,1.1,1.1,1.1,1.0,0.9,0.9,0.9,0.9,0.9,0.9,0.9,1.0,1.0,1.0,1.0,0.9,0.9,0.9,0.9,0.9,0.9,0.9,0.9
13 Jun 2018,45.6,1.1,1.1,1.0,1.0,1.0,0.9,0.9,0.9,0.9,0.9,0.9,0.9,0.8,0.9,0.9,1.4,1.1,1.1,1.0,1.0,1.0,0.9,0.9,0.9,0.9,0.9,0.9,0.9,0.9,0.9,0.9,1.0,1.1,1.1,1.1,1.0,1.1,0.9,0.9,0.9,0.9,0.9,0.9,0.9,0.9,1.0,1.1,1.1
14 Jun 2018,91.4,1.1,1.0,1.0,0.9,0.9,0.9,0.9,0.9,0.9,0.9,0.9,0.9,1.0,1.1,1.1,1.0,1.0,1.1,1.0,3.8,3.0,2.9,2.5,1.0,3.2,1.0,2.5,6.2,3.8,6.4,6.6,6.2,5.1,3.1,5.4,3.3,2.6,0.3,0.2,0.1,0.1,0.1,0.1,0.2,2.3,1.3,0.1,0.1
15 Jun 2018,85.4,0.1,0.1,0.1,1.3,0.3,0.2,0.1,0.1,1.1,1.1,0.2,0.3,0.3,0.2,2.1,0.1,0.1,0.1,1.8,3.3,1.9,3.9,2.2,2.2,3.6,4.1,2.8,3.6,2.8,5.0,5.1,4.8,5.0,5.0,3.0,1.3,3.6,1.8,0.6,1.1,1.1,2.1,0.6,1.2,0.8,1.2,2.2,0.6
16 Jun 2018,125.5,1.1,0.6,2.1,0.7,1.2,1.2,2.1,1.1,1.1,2.1,0.6,1.5,1.2,1.2,1.0,0.6,0.6,1.1,2.9,3.6,2.6,3.0,5.4,2.3,5.3,3.8,3.6,3.4,5.1,6.4,6.1,7.6,6.7,7.2,6.5,4.4,3.4,2.0,1.0,1.0,2.0,0.5,1.0,2.2,0.7,1.2,1.1,2.2
17 Jun 2018,56.4,1.0,1.0,2.0,1.0,0.5,1.0,2.0,1.0,1.2,2.2,1.1,1.1,1.0,0.5,1.6,1.0,0.5,1.6,1.0,0.5,1.1,2.3,0.7,1.2,1.2,2.2,1.0,1.0,1.0,2.0,1.0,1.0,1.0,2.2,1.2,1.2,0.7,1.1,0.5,2.0,0.5,1.0,0.9,0.9,2.1,1.1,1.1,0.7
18 Jun 2018,121.9,1.0,0.8,2.0,0.9,1.0,0.9,2.0,1.0,0.7,1.1,0.7,1.1,1.7,2.0,0.5,0.9,0.9,0.9,2.0,2.3,2.0,4.4,4.7,4.2,3.3,4.7,3.7,3.0,4.9,6.8,5.6,5.5,7.6,5.9,6.7,6.2,3.3,2.7,1.3,1.5,1.1,2.2,0.7,1.0,0.5,1.9,0.9,0.9
19 Jun 2018,114.8,0.9,0.5,1.9,0.9,2.2,1.1,0.7,1.1,2.1,1.1,0.9,0.9,0.9,1.9,0.5,2.0,0.5,0.9,3.0,2.5,2.8,2.1,3.5,3.8,3.2,2.2,5.2,4.8,6.6,5.5,7.7,5.9,5.2,6.0,5.0,5.0,2.9,1.0,1.7,1.0,1.0,1.0,0.9,0.9,0.9,0.9,0.5,0.9
20 Jun 2018,45.2,1.0,1.2,1.1,1.2,1.1,1.1,1.1,0.7,1.1,0.5,0.5,0.9,0.5,0.9,0.9,0.9,0.9,1.0,1.0,1.0,1.0,1.0,0.9,1.0,1.0,1.0,1.0,0.5,1.0,1.0,0.5,1.0,1.0,1.0,0.5,0.6,1.2,1.1,1.1,1.1,1.1,0.7,1.1,1.1,0.7,1.1,1.1,1.1
21 Jun 2018,144.3,0.7,1.1,1.1,1.1,1.1,0.7,1.1,1.1,0.7,0.7,1.1,0.7,0.7,1.1,1.1,1.1,1.1,1.1,1.4,1.5,1.5,1.6,3.9,3.2,3.8,3.2,5.9,5.1,5.2,8.5,6.2,7.9,9.8,7.0,5.5,7.7,5.2,5.3,4.9,4.3,4.8,5.2,2.6,1.1,1.1,1.1,1.1,1.1
22 Jun 2018,154.0,1.1,1.0,0.9,0.9,0.9,0.9,0.9,0.9,0.5,0.9,0.9,0.5,0.9,0.9,0.5,0.9,0.9,0.9,3.2,6.2,7.2,6.7,5.7,4.6,4.2,5.1,4.1,5.0,7.9,9.5,7.5,7.8,8.5,11.5,7.9,4.9,5.2,2.1,2.0,1.0,2.0,1.0,2.0,1.0,0.6,1.0,2.0,1.0
23 Jun 2018,163.8,1.0,2.0,1.0,1.0,1.0,2.0,1.0,1.0,1.6,1.0,1.0,1.1,1.7,1.1,2.0,0.7,1.2,1.2,4.3,2.5,6.1,4.4,8.6,8.3,7.3,6.6,7.3,7.4,6.3,7.2,6.5,6.9,8.1,7.6,6.7,7.4,4.6,3.6,1.5,2.0,1.0,0.9,1.3,2.0,1.0,1.0,2.0,1.0
24 Jun 2018,92.8,1.0,1.0,1.0,2.0,0.6,0.6,1.0,1.0,1.0,1.9,1.0,1.0,1.6,1.0,0.6,1.0,2.0,0.6,3.0,3.5,5.6,5.0,6.1,6.1,5.5,2.4,0.0,0.0,0.0,3.1,4.1,3.0,2.1,2.7,3.8,3.0,1.0,1.5,1.1,2.0,0.7,0.6,0.7,0.5,2.1,1.1,2.1,1.0
25 Jun 2018,121.9,1.1,1.1,2.1,0.5,1.1,1.1,2.1,2.0,1.1,1.1,1.1,1.5,0.6,1.1,0.5,2.1,1.1,0.6,2.5,4.9,4.0,5.1,4.5,3.6,3.4,4.0,3.3,2.9,5.1,6.6,5.6,5.9,3.7,5.5,6.9,5.3,3.6,1.0,2.0,0.9,0.6,1.0,2.1,1.0,1.0,1.0,2.1,1.0
26 Jun 2018,54.0,1.0,1.0,0.6,1.0,1.0,2.0,0.6,1.0,1.0,1.0,1.0,1.6,1.0,0.6,2.0,0.6,1.0,1.0,1.0,1.0,2.1,1.0,1.0,1.0,1.1,1.0,0.6,2.1,1.1,1.1,1.1,1.1,1.6,1.0,0.6,1.0,1.0,1.0,2.1,1.0,0.6,1.0,2.1,0.6,1.0,1.0,1.0,2.0
27 Jun 2018,55.6,1.0,1.0,1.0,2.0,1.0,1.0,0.6,1.0,1.0,1.6,2.0,1.0,1.0,1.0,1.0,1.6,0.6,0.6,1.0,1.0,1.0,1.0,2.1,1.1,1.1,1.1,1.1,2.1,1.1,0.6,1.1,1.1,2.1,1.1,1.0,2.0,1.0,1.0,1.0,1.0,1.6,1.0,0.6,2.0,1.0,1.0,1.0,1.0
28 Jun 2018,129.8,1.6,1.0,1.0,1.0,2.0,1.0,0.6,1.0,1.0,1.6,1.0,1.0,1.0,0.6,2.0,1.0,1.0,1.0,2.5,3.6,4.9,4.8,4.8,4.9,4.5,4.9,6.6,5.6,6.1,5.5,5.5,5.5,6.5,5.5,5.4,6.3,4.2,1.0,2.0,0.5,1.0,1.0,1.6,1.0,1.0,2.0,0.5,0.5
29 Jun 2018,154.1,0.5,1.6,0.5,0.5,0.9,0.9,2.0,1.0,1.0,0.5,0.9,0.5,2.0,0.9,0.0,1.9,0.9,1.0,1.9,4.6,4.0,5.6,5.4,4.9,5.2,4.2,6.7,8.9,7.0,5.6,7.3,6.7,8.5,7.0,5.7,7.8,4.5,3.0,2.9,2.9,2.5,2.9,1.6,1.1,2.9,1.0,2.0,2.1
30 Jun 2018,146.4,2.0,1.0,1.6,1.0,2.1,2.0,1.5,1.9,2.0,1.0,1.5,2.0,1.0,0.6,1.9,1.5,1.0,2.0,2.8,4.1,5.1,4.0,8.5,6.9,4.5,4.5,5.1,4.5,5.9,7.6,6.4,5.4,7.1,5.9,8.7,4.2,3.7,1.0,1.0,0.6,1.0,2.0,1.2,2.2,1.2,0.8,1.2,1.2
01 Jul 2018,141.9,1.1,1.0,2.0,0.6,1.0,1.0,1.0,0.5,1.2,0.8,1.2,1.2,1.2,1.1,0.6,2.0,2.0,1.0,3.4,4.7,4.5,5.3,6.6,5.3,5.3,7.7,5.4,6.0,6.5,7.1,5.9,8.5,7.5,6.8,6.8,6.2,2.3,1.1,0.6,1.0,0.5,1.0,1.0,1.0,0.6,0.7,1.2,1.0
02 Jul 2018,96.6,0.9,0.9,0.9,0.5,0.5,0.9,1.0,1.1,0.7,0.7,1.1,1.0,0.9,0.5,1.0,0.9,0.9,0.9,1.7,2.7,4.3,4.3,4.2,0.0,3.5,5.0,4.9,4.0,5.2,4.2,4.8,4.0,4.5,5.0,3.9,4.0,1.7,0.9,0.9,0.5,1.0,0.5,0.9,0.9,0.5,0.9,0.9,0.9
03 Jul 2018,130.3,0.7,0.7,1.0,0.9,0.5,0.5,0.9,0.5,0.5,0.9,0.9,0.9,0.9,0.9,0.9,0.9,0.9,0.9,2.7,5.4,5.0,5.1,3.7,7.0,8.6,5.1,6.3,5.6,5.6,5.7,5.8,5.8,4.4,7.0,6.1,4.4,2.9,1.4,1.4,1.3,1.8,1.2,1.2,1.2,0.7,1.2,0.8,1.2
04 Jul 2018,56.4,1.2,0.7,1.2,0.7,1.2,1.2,1.2,1.4,1.4,1.4,0.9,1.4,1.4,1.3,1.2,0.7,1.2,1.2,1.8,1.2,1.2,2.2,1.2,1.2,1.2,1.2,1.2,1.2,1.2,1.2,1.2,0.9,1.3,2.4,0.9,0.9,1.4,0.0,1.2,2.2,1.1,0.7,0.7,1.1,0.7,0.7,1.1,1.1
05 Jul 2018,58.9,1.1,0.7,1.1,0.7,1.2,1.1,0.9,2.3,1.3,0.9,2.4,0.9,1.3,0.8,1.1,1.1,0.7,1.1,0.7,1.2,0.7,1.2,1.2,1.2,1.2,1.3,1.4,1.4,0.9,1.4,1.4,2.4,1.4,1.3,1.2,1.2,2.2,1.2,1.2,1.2,1.2,0.7,1.2,1.2,1.2,2.2,1.2,1.2
06 Jul 2018,146.6,1.3,0.9,2.3,1.3,1.3,1.3,1.3,1.4,1.3,0.7,2.2,0.7,1.1,1.1,1.1,1.1,1.1,1.2,1.9,3.2,3.5,3.8,3.7,4.8,4.6,8.4,7.6,6.4,8.6,8.9,10.4,8.0,6.9,7.7,5.2,4.5,2.8,1.9,1.2,1.3,0.8,0.8,1.1,1.0,1.0,1.0,1.0,1.1
07 Jul 2018,99.0,1.1,0.6,0.6,1.0,0.6,1.0,1.0,0.6,1.0,1.2,1.2,1.2,0.8,0.8,1.6,0.7,1.0,0.6,1.3,2.9,3.9,1.4,3.2,5.6,5.8,6.0,3.4,3.8,5.4,4.8,3.8,3.2,2.4,3.5,5.2,4.0,1.5,1.5,0.6,0.9,1.3,0.9,1.3,0.5,0.7,1.1,1.1,1.0
08 Jul 2018,62.3,0.5,0.9,0.9,0.5,1.0,0.7,1.0,0.9,0.5,0.9,0.5,0.9,0.7,1.1,1.0,0.5,,,,,4.0,,,,,,,,,6.1,4.7,4.9,3.1,4.9,5.4,4.7,2.1,0.5,0.9,0.9,0.5,0.9,0.9,0.9,1.0,1.1,1.1,0.7
09 Jul 2018,99.6,0.9,0.9,0.5,0.9,0.5,0.9,0.5,1.1,1.1,1.1,0.9,0.9,0.9,0.9,0.5,0.9,1.1,1.1,3.6,4.2,4.1,3.9,5.2,3.7,5.3,4.1,4.4,2.5,3.4,4.4,4.0,3.6,4.9,5.0,4.2,3.3,1.2,0.9,0.5,0.9,0.9,0.9,0.5,0.9,0.6,0.7,1.1,1.1
10 Jul 2018,108.6,0.9,0.5,0.9,0.9,0.5,0.9,0.7,1.1,0.5,0.9,0.5,0.9,0.9,0.9,1.1,1.1,1.0,0.5,1.7,2.0,4.9,3.5,4.5,4.1,3.8,4.1,4.5,3.8,3.3,3.6,6.6,4.7,5.9,5.1,5.0,3.4,1.6,1.8,1.7,1.3,2.2,1.2,1.2,2.2,1.2,1.2,1.2,2.2
11 Jul 2018,67.4,1.8,1.7,1.1,0.8,1.2,2.3,1.2,2.7,2.0,1.0,2.2,2.0,1.1,2.0,0.6,1.0,1.6,0.6,1.0,1.1,1.0,2.0,1.0,0.6,1.0,2.1,0.6,2.0,1.0,1.1,1.6,1.6,2.1,0.6,1.0,2.0,1.0,2.2,1.0,1.0,2.0,1.8,1.1,1.6,1.2,1.0,2.0,1.0
12 Jul 2018,113.4,1.2,1.6,0.6,1.0,2.0,0.6,1.0,1.2,1.7,1.0,1.1,1.6,1.6,1.6,1.5,1.6,1.6,1.5,2.5,3.7,4.5,4.1,2.6,3.1,5.0,4.6,2.7,4.6,5.8,4.8,6.0,4.6,4.5,4.4,4.2,4.3,2.3,1.0,1.1,1.5,1.5,0.7,0.6,1.0,0.9,0.9,1.3,0.9
13 Jul 2018,86.0,1.0,0.9,1.0,1.3,1.1,1.1,1.5,1.0,0.9,0.5,1.3,0.5,0.9,0.5,1.0,1.1,0.7,1.0,1.3,1.7,3.2,2.2,1.5,1.8,2.6,2.2,2.9,3.6,4.0,5.1,4.2,4.8,2.5,3.5,3.3,4.3,3.5,1.2,0.7,1.2,1.6,0.6,1.0,1.0,0.6,0.6,1.0,0.6
14 Jul 2018,93.9,0.6,1.0,0.6,1.0,0.6,1.0,0.6,1.0,0.6,1.0,0.6,1.0,2.1,0.6,1.0,1.6,1.0,1.0,2.8,1.1,1.4,3.8,3.9,2.8,4.2,3.2,3.2,2.4,4.2,2.8,2.7,5.3,7.3,3.6,3.7,2.6,2.6,1.4,1.8,1.0,1.1,1.1,1.3,0.8,1.2,1.2,1.2,1.2
15 Jul 2018,53.3,1.2,1.2,1.2,1.0,0.6,1.0,0.6,1.0,1.0,1.0,0.6,1.0,1.6,1.0,1.0,1.0,1.0,1.6,1.1,0.7,1.3,0.8,2.3,1.3,1.3,1.3,0.8,1.8,1.3,1.3,1.2,1.1,1.1,1.1,1.1,0.6,1.1,1.0,0.6,0.6,1.1,1.6,0.6,1.1,1.1,2.1,1.1,1.1
16 Jul 2018,120.7,1.0,1.0,1.0,0.6,1.0,2.1,1.0,0.8,2.2,1.2,1.3,1.2,2.3,1.2,1.1,1.6,1.0,0.6,2.6,2.7,1.9,1.9,5.2,8.6,4.1,4.4,6.4,5.2,5.9,3.4,6.9,4.7,5.9,4.0,1.4,4.5,2.3,3.0,1.4,2.4,0.9,2.3,1.7,0.6,1.0,1.0,1.0,1.0
17 Jul 2018,54.2,0.9,1.6,1.1,0.7,1.2,0.7,1.2,1.8,2.2,1.1,1.0,1.0,0.1,1.0,2.0,1.6,1.0,0.5,0.0,2.1,1.0,1.6,1.0,1.0,0.6,0.6,1.0,2.2,1.2,1.2,0.7,0.7,2.2,1.1,2.0,0.5,1.0,0.5,1.0,2.0,1.0,1.0,1.0,1.0,0.5,2.2,0.7,1.2
18 Jul 2018,46.4,1.2,0.7,1.1,1.0,2.0,1.0,1.0,0.5,1.0,1.5,1.0,0.5,1.0,1.6,1.1,2.2,1.2,1.2,0.5,1.1,0.9,0.9,0.9,0.9,0.9,0.5,0.9,1.1,1.1,1.1,0.7,0.9,0.5,0.9,0.9,0.5,0.9,0.9,1.0,0.0,1.0,0.5,0.9,0.9,0.9,0.9,1.1,1.1
19 Jul 2018,112.8,1.0,0.9,0.5,0.9,0.5,0.9,1.1,1.1,1.1,0.5,0.9,0.5,0.9,0.5,0.7,1.1,1.0,0.9,0.9,3.5,2.1,2.3,3.3,2.3,5.6,4.5,5.9,4.4,4.7,8.4,4.2,6.1,3.4,6.7,5.0,5.6,5.3,2.0,1.0,1.0,1.0,1.0,1.0,1.1,1.1,0.7,2.1,1.6
20 Jul 2018,100.8,2.0,1.0,1.0,1.0,1.0,0.5,0.7,1.2,0.7,1.1,1.0,1.0,1.0,1.0,0.5,2.0,2.1,2.2,1.2,1.0,1.3,4.3,3.1,2.8,5.1,1.4,4.2,2.8,2.9,4.9,5.8,3.6,4.7,3.2,4.9,1.4,4.7,2.3,1.6,1.3,2.4,1.1,1.1,2.0,1.1,2.1,0.7,1.2
21 Jul 2018,141.1,1.3,2.2,0.9,1.1,1.7,1.1,1.1,1.1,1.1,1.2,1.3,2.3,2.0,1.8,1.1,2.1,1.1,1.1,1.8,2.9,5.5,6.6,5.0,7.1,5.2,5.1,4.3,4.6,8.3,7.9,8.0,6.1,7.2,3.6,3.5,4.5,4.4,2.0,1.2,2.2,1.1,1.1,1.0,1.0,1.1,1.2,0.8,1.3
22 Jul 2018,129.4,1.1,1.1,1.1,0.6,2.1,1.2,1.3,0.6,0.5,1.1,0.8,1.1,1.0,2.0,0.6,0.6,0.8,1.2,0.6,3.8,4.0,5.2,4.8,5.5,5.4,6.4,2.1,4.6,6.9,6.9,6.4,8.9,7.2,4.1,4.6,5.0,3.4,2.3,1.1,1.4,1.0,1.0,1.0,1.0,2.0,1.2,1.2,1.2
23 Jul 2018,124.8,2.2,1.0,1.0,1.0,1.0,1.0,1.0,2.2,0.8,0.8,1.1,1.0,1.0,0.5,0.0,0.0,1.1,1.2,1.4,2.9,3.7,3.7,5.2,3.9,2.4,3.2,3.2,3.9,5.7,10.0,9.3,7.9,7.1,5.7,5.1,5.1,5.0,1.1,1.0,1.0,1.5,1.1,0.7,1.1,1.1,0.7,2.2,0.7
24 Jul 2018,161.4,1.1,1.0,0.6,1.1,1.1,1.1,0.7,0.7,1.1,1.7,0.7,1.1,0.6,1.6,1.1,0.7,0.6,1.0,1.3,4.4,4.7,4.2,5.5,5.8,7.7,9.4,8.8,6.6,6.9,9.1,7.4,7.0,5.3,6.0,6.0,6.0,5.5,5.0,1.8,1.8,2.5,1.8,3.6,0.5,1.0,2.0,3.4,2.4
25 Jul 2018,67.3,2.3,2.4,3.3,3.3,2.4,2.3,2.3,1.0,1.0,1.0,0.6,0.9,1.0,0.6,1.0,1.0,1.0,1.0,1.1,1.1,2.0,2.1,1.1,1.0,3.2,1.1,1.1,3.1,1.0,0.6,2.1,1.1,1.7,1.1,1.1,2.2,0.6,1.1,1.0,1.1,1.1,1.1,1.0,0.6,0.6,1.1,1.0,1.1
26 Jul 2018,121.9,1.0,1.1,0.6,0.6,0.6,0.6,1.0,1.0,1.1,1.0,1.0,1.9,1.0,1.0,0.9,0.9,1.0,2.0,3.1,3.5,2.2,2.7,2.7,2.3,4.3,4.5,4.5,4.4,5.1,4.6,6.1,5.9,6.8,5.9,6.8,9.5,5.1,1.1,1.1,1.0,1.1,2.1,1.1,1.1,2.1,1.1,1.0,0.6
27 Jul 2018,143.3,1.1,0.6,0.0,0.0,0.0,0.0,0.0,0.0,0.0,0.0,0.0,0.0,0.0,0.0,0.0,3.1,1.1,0.9,4.7,2.7,5.8,7.1,6.9,8.1,10.8,8.9,9.7,9.9,4.4,0.0,0.0,0.0,5.5,10.7,7.6,8.6,4.4,2.2,2.2,2.1,1.1,1.1,3.6,1.1,2.0,2.1,2.0,1.1
28 Jul 2018,174.1,3.5,1.1,1.1,1.6,2.2,1.9,1.1,2.9,1.1,2.6,2.8,1.1,1.1,2.0,4.6,1.1,1.1,1.1,1.6,0.0,1.3,1.6,3.5,5.1,4.0,7.4,5.8,4.1,4.8,7.1,7.8,10.3,8.8,8.9,8.0,9.9,10.3,3.8,3.4,3.1,2.6,2.2,2.6,2.6,2.1,3.6,2.8,1.8
29 Jul 2018,116.4,1.6,2.0,2.0,2.1,0.6,1.0,1.1,1.2,1.2,0.7,1.2,1.2,1.2,1.2,1.2,1.2,0.6,0.0,0.0,0.0,0.0,0.0,3.7,2.2,3.7,2.4,3.1,1.3,0.0,4.9,7.5,10.6,8.6,9.6,6.2,6.7,2.8,2.7,2.8,3.3,1.9,1.2,2.2,1.2,2.2,1.2,1.2,2.0
30 Jul 2018,142.4,0.6,2.0,1.0,1.0,2.0,0.6,1.0,1.0,2.1,1.0,1.6,1.0,1.0,1.0,1.0,1.0,1.0,2.0,2.0,1.0,3.1,5.0,4.8,4.0,4.8,7.0,2.5,3.4,7.2,5.5,4.8,5.7,7.4,5.7,5.7,5.9,7.2,2.5,3.2,3.5,3.9,2.4,2.8,2.8,2.8,1.8,1.1,1.1
31 Jul 2018,64.3,1.1,0.8,1.3,1.3,0.9,1.3,2.3,1.3,2.3,1.3,1.3,1.3,1.3,1.3,1.3,1.3,2.3,1.3,1.3,1.3,1.3,0.9,1.3,2.3,0.9,2.3,1.3,1.3,1.3,1.3,1.3,1.3,1.3,1.2,1.1,1.1,1.1,0.7,2.1,2.1,1.1,2.1,1.1,1.1,1.1,0.7,1.1,1.1
01 Aug 2018,68.9,1.1,1.1,1.1,1.1,0.7,1.1,2.1,2.1,1.1,0.7,1.1,1.1,1.1,1.1,1.1,1.1,2.1,2.1,1.1,1.1,1.1,1.1,1.1,2.2,1.7,1.2,2.2,1.2,1.2,1.1,1.3,1.4,1.3,1.3,1.3,1.3,1.3,2.3,1.3,2.3,2.3,0.9,2.3,2.3,1.3,2.3,2.3,1.3
02 Aug 2018,181.0,1.1,1.1,1.1,0.7,1.1,1.1,1.1,0.7,1.1,1.1,0.7,2.1,1.1,2.1,1.1,1.1,1.1,1.1,3.2,6.9,6.7,5.4,5.8,8.0,7.4,6.4,7.1,9.9,9.7,12.2,11.2,6.8,5.9,5.7,8.1,6.4,5.5,2.7,3.6,2.6,2.6,2.5,2.5,1.3,1.2,1.2,1.2,1.2
03 Aug 2018,138.4,1.1,1.0,1.6,1.0,2.0,1.0,1.0,1.0,1.1,1.2,1.2,2.2,1.2,2.2,1.0,1.5,1.0,1.6,1.0,2.8,4.4,4.1,5.0,5.2,4.4,5.4,6.0,6.1,6.1,5.9,5.9,5.1,0.0,4.8,10.1,9.0,6.9,2.7,2.6,0.9,0.9,2.0,1.0,1.1,1.1,1.1,1.1,2.0
04 Aug 2018,57.3,1.9,0.9,0.9,0.9,0.9,1.9,0.9,1.0,1.1,0.7,2.1,2.1,1.0,0.9,0.9,1.9,0.9,0.9,0.5,0.9,2.0,1.0,1.2,1.2,2.2,2.2,1.2,1.1,1.0,1.0,2.0,0.5,1.0,1.0,1.0,0.9,2.2,1.1,0.7,1.1,1.1,0.9,0.9,2.0,0.9,0.9,0.9,0.9
05 Aug 2018,172.8,2.2,2.1,1.1,1.1,1.1,1.0,0.9,1.9,1.9,0.9,0.9,0.9,1.9,0.6,1.1,1.1,1.1,1.1,5.0,4.6,5.9,5.8,6.9,8.7,8.1,8.2,5.1,6.2,10.0,8.8,7.5,9.0,5.1,6.3,8.9,10.0,2.8,1.7,1.7,0.9,0.9,2.0,2.1,1.1,1.1,1.1,2.2,1.9
06 Aug 2018,138.5,0.9,0.9,0.9,0.9,2.0,0.5,0.9,0.9,1.9,1.1,1.1,1.1,2.2,1.1,1.1,1.1,1.9,0.9,5.4,5.4,4.0,7.3,6.8,10.3,9.1,8.7,7.8,9.6,9.0,11.3,8.5,9.0,4.7,0.0,0.0,0.0,0.0,0.0,0.0,0.0,0.0,0.0,0.0,0.0,0.0,0.0,0.0,0.0
07 Aug 2018,89.7,0.0,0.0,0.0,0.0,0.0,0.0,0.0,0.0,0.0,0.0,0.0,0.0,0.0,0.0,0.0,,,,0.0,0.0,0.0,0.0,0.0,0.0,0.0,0.0,0.0,0.0,10.9,11.7,8.9,9.7,8.7,10.5,4.7,5.3,3.1,2.2,1.6,1.5,1.0,1.6,1.4,1.5,2.2,1.1,1.1,1.0
08 Aug 2018,72.8,2.9,2.0,1.1,2.0,2.2,1.0,1.0,1.2,1.6,1.1,1.2,3.1,1.0,3.1,2.0,2.2,1.1,1.2,1.2,1.8,1.2,0.8,1.2,2.3,1.3,1.3,0.8,2.2,1.0,1.1,2.1,1.0,1.0,1.1,1.0,1.0,2.1,0.6,1.0,1.0,1.0,1.0,3.2,2.2,1.2,1.2,1.2,2.3
09 Aug 2018,147.0,1.2,1.2,1.2,2.2,1.0,2.1,1.0,1.0,1.0,2.0,1.0,1.0,1.0,1.6,1.0,1.0,1.0,2.1,1.8,4.7,4.3,6.8,5.8,8.8,5.2,7.4,7.1,6.0,9.0,10.5,6.7,8.2,8.1,5.2,2.8,2.8,1.0,0.9,1.0,1.0,1.2,1.1,1.1,1.1,1.0,1.0,0.9,1.0
10 Aug 2018,55.7,1.0,1.0,1.1,1.1,1.1,1.1,0.9,1.0,0.9,0.9,0.9,0.5,0.9,2.2,2.2,1.7,2.1,1.0,0.5,1.0,1.0,1.0,1.0,1.2,1.2,1.2,1.2,1.1,1.0,1.0,0.5,1.0,0.9,0.9,0.9,1.1,1.1,1.1,1.0,0.9,0.9,0.9,0.9,0.9,1.9,2.2,2.2,2.2
11 Aug 2018,219.6,2.0,2.0,2.0,2.0,0.9,1.0,1.1,1.1,1.1,2.1,1.9,1.9,1.9,1.9,1.9,1.9,2.2,2.1,1.1,3.9,8.3,12.3,10.0,10.3,14.6,7.3,10.6,7.5,10.7,6.8,8.1,12.7,9.1,13.4,8.6,6.8,5.3,3.5,1.8,3.7,1.9,1.2,2.5,1.1,2.0,1.0,1.0,1.6
12 Aug 2018,181.9,1.0,1.1,1.2,1.2,1.1,2.2,1.0,2.0,1.0,1.0,1.0,0.9,0.9,2.2,1.1,1.1,2.2,1.0,4.1,6.9,3.1,8.0,7.1,9.3,11.1,8.0,6.0,6.2,6.7,7.0,8.8,6.1,8.0,7.2,12.7,4.9,10.0,4.6,1.6,2.2,1.5,2.0,0.9,0.9,0.9,0.9,0.9,1.0
13 Aug 2018,196.5,1.8,1.1,2.2,1.1,0.7,1.9,0.9,0.5,0.9,2.0,0.9,0.9,0.9,0.9,0.9,2.1,1.1,2.2,4.1,6.0,9.4,5.4,6.3,6.5,6.5,7.2,8.3,5.9,10.5,8.1,9.8,10.7,8.8,10.5,8.9,10.1,4.5,4.0,5.5,3.9,3.1,1.8,1.0,1.1,1.1,2.1,1.2,1.3
14 Aug 2018,69.0,0.8,2.3,1.2,1.1,1.1,1.1,1.1,1.1,1.1,2.1,1.0,1.1,1.2,2.2,1.2,1.2,2.1,1.1,1.1,1.1,2.1,1.1,1.1,1.1,1.2,1.3,4.3,2.3,3.3,1.8,2.2,1.1,1.1,1.1,1.1,1.1,1.1,2.2,1.2,2.3,1.2,1.1,2.0,1.0,0.6,1.0,1.0,1.0
15 Aug 2018,57.6,1.0,1.2,1.2,1.2,1.2,1.0,1.0,1.0,1.0,1.0,1.0,2.0,1.2,1.2,1.2,1.2,1.1,1.0,2.0,1.0,1.0,0.5,0.0,1.7,1.2,2.3,1.2,1.1,1.2,1.2,1.1,2.2,1.1,1.0,1.1,1.1,1.0,1.1,2.2,1.0,1.1,1.1,1.0,2.1,1.1,1.0,1.2,1.0
16 Aug 2018,211.3,1.1,2.1,1.0,1.2,1.0,1.1,1.0,1.1,1.1,1.1,2.0,1.1,1.0,1.2,1.0,1.1,1.1,1.0,2.9,9.5,11.8,14.3,9.3,8.8,11.6,8.9,8.8,8.6,8.7,11.1,8.4,12.8,11.3,9.7,6.7,7.4,3.5,2.9,1.9,1.9,1.8,1.0,1.0,1.0,1.0,1.0,1.8,1.0
17 Aug 2018,159.7,1.1,2.0,1.1,1.1,1.1,2.0,1.9,0.5,1.7,0.9,0.9,1.8,0.9,0.9,1.1,1.1,2.1,1.1,2.7,5.9,6.1,5.3,7.0,7.5,9.3,6.3,7.0,5.1,7.5,6.5,9.5,11.3,7.9,6.8,6.4,6.8,,,,1.7,1.7,1.3,1.0,1.2,1.2,1.1,1.1,1.1
18 Aug 2018,148.8,1.0,0.9,0.9,0.9,0.9,0.9,0.9,0.9,0.9,0.9,0.9,1.0,1.0,1.1,1.1,1.1,1.1,1.1,2.3,5.4,6.2,6.0,6.8,10.4,6.0,7.2,5.9,7.9,7.0,7.2,4.9,7.8,6.2,6.5,5.7,4.9,2.9,1.9,2.0,1.2,1.2,1.1,1.1,1.1,1.1,1.0,1.0,1.0
19 Aug 2018,180.1,0.9,0.9,0.9,0.9,0.9,0.5,0.9,0.9,0.9,0.9,0.9,0.9,1.1,1.1,1.1,1.1,1.1,1.1,3.3,4.7,8.3,9.3,9.3,7.9,9.9,11.5,8.3,7.9,9.6,11.6,10.4,9.0,5.8,6.4,6.5,8.4,2.2,2.1,1.0,1.3,1.0,1.1,1.1,1.1,1.1,1.0,1.0,1.0
20 Aug 2018,132.3,1.0,1.0,1.0,1.0,1.0,0.9,1.0,1.0,1.0,1.0,1.0,1.0,1.0,1.0,0.9,1.0,1.0,0.9,1.1,1.8,3.4,4.1,8.0,4.8,4.8,7.2,4.9,4.8,7.9,6.0,7.4,4.7,5.3,7.2,5.7,7.4,3.2,1.1,2.2,1.1,1.2,2.1,1.2,1.0,1.2,1.0,1.2,1.0
21 Aug 2018,95.5,1.2,1.0,0.6,0.0,0.0,1.1,1.1,1.2,1.1,1.7,1.2,1.0,1.8,1.1,2.1,1.1,0.7,2.0,2.0,0.0,0.0,3.5,1.3,0.0,3.1,3.7,2.4,2.6,5.3,5.3,4.8,4.3,6.0,4.1,4.3,6.2,1.3,1.3,1.6,1.3,1.7,1.6,1.4,1.2,1.3,1.3,1.2,1.3
22 Aug 2018,61.1,1.2,1.2,1.4,2.3,1.4,1.2,1.3,1.3,1.2,1.3,1.2,1.2,1.4,1.2,1.4,1.2,1.3,1.3,1.2,1.4,1.7,1.2,1.1,1.2,1.1,1.2,1.2,2.2,1.3,1.1,1.2,1.4,0.7,1.2,1.1,1.2,1.1,1.3,1.1,1.2,1.2,1.1,1.3,1.1,1.2,1.1,1.2,1.2
23 Aug 2018,76.2,1.1,1.2,1.1,1.3,1.1,2.3,1.1,1.2,1.2,1.1,1.3,1.2,1.2,1.1,1.3,1.1,1.2,1.1,1.2,1.1,1.2,1.1,2.2,2.0,2.6,2.7,2.7,2.8,3.3,2.5,1.6,2.9,2.5,2.4,2.5,1.5,1.4,1.2,1.3,1.2,1.3,1.3,1.2,1.3,1.1,1.4,1.1,1.3
24 Aug 2018,117.9,1.2,1.2,1.1,1.2,1.2,1.1,0.7,0.9,1.1,0.9,1.1,0.9,1.0,0.9,1.0,0.9,1.0,1.0,1.0,3.2,2.8,2.6,4.1,3.5,2.0,3.3,3.2,4.7,6.6,6.8,5.2,5.8,6.2,5.3,6.8,3.6,2.8,1.0,1.4,2.4,2.2,2.0,1.1,1.0,2.1,3.9,1.0,1.1
25 Aug 2018,115.2,1.9,1.1,1.0,3.1,1.1,1.6,1.1,2.0,1.2,1.0,1.1,3.1,1.0,2.1,1.0,2.1,1.0,2.1,1.2,0.5,0.0,0.0,0.0,0.0,0.0,0.0,2.2,3.5,4.6,4.7,7.5,6.6,7.5,6.3,5.4,7.3,3.8,2.5,2.5,3.4,2.5,3.5,1.4,1.6,1.4,2.6,1.4,2.5
26 Aug 2018,121.7,1.5,1.4,1.4,2.4,1.6,1.3,2.1,1.3,2.6,1.3,1.5,1.5,2.0,1.4,1.3,2.6,1.3,1.6,3.3,5.2,3.0,6.2,0.0,0.0,3.2,7.0,4.1,6.1,5.2,6.0,1.1,5.5,3.5,6.2,4.5,2.8,3.5,2.9,1.0,1.1,1.6,1.1,2.0,1.2,1.1,1.1,1.1,1.1
27 Aug 2018,90.3,2.1,1.1,2.1,1.0,2.1,1.0,2.1,1.0,0.8,1.0,1.2,1.0,1.2,2.0,1.1,2.0,1.1,1.0,1.1,2.2,3.1,1.6,2.3,2.4,3.1,2.9,2.5,0.0,1.3,2.9,2.5,3.0,3.5,3.7,2.5,4.1,2.3,1.3,3.3,1.3,1.2,2.1,1.3,1.3,1.3,1.3,3.0,1.3
28 Aug 2018,82.9,1.3,1.3,1.3,3.0,1.3,1.2,2.1,1.2,1.4,1.2,1.3,1.9,3.0,2.9,2.3,2.3,3.0,2.0,1.9,2.0,1.2,1.4,1.2,1.4,1.2,1.3,2.0,1.9,3.1,2.3,2.3,2.2,3.1,1.2,2.2,1.2,1.3,1.2,0.9,1.3,2.0,1.3,1.3,1.3,1.2,1.3,1.2,1.4
29 Aug 2018,76.5,1.2,1.3,1.9,1.3,2.0,0.9,1.3,1.2,2.0,1.2,1.4,1.9,1.3,1.2,0.9,2.3,3.0,2.3,1.2,1.4,1.2,1.3,1.2,2.1,1.3,1.2,1.3,1.2,2.2,2.1,1.6,1.2,2.9,1.2,1.3,1.3,1.3,1.3,1.3,2.0,2.8,1.4,1.2,3.2,1.2,2.1,1.2,1.4
30 Aug 2018,84.7,2.0,1.4,1.2,1.4,3.7,2.2,1.2,1.3,1.2,1.3,1.3,1.3,2.3,2.3,2.7,2.7,2.8,1.9,1.3,1.2,2.1,2.0,2.1,2.8,3.1,3.1,3.9,2.0,1.5,1.3,1.4,1.3,3.0,3.9,1.4,1.9,1.1,1.0,1.8,0.5,0.0,0.0,1.0,1.0,1.1,1.0,1.8,1.1
31 Aug 2018,58.2,1.1,1.8,1.0,1.8,0.5,1.1,1.7,1.2,1.0,1.0,1.0,1.8,1.0,0.9,1.0,0.9,1.2,1.0,1.1,1.0,1.1,1.9,1.1,1.1,1.0,0.5,0.6,2.7,1.1,1.1,1.1,1.9,1.9,1.1,1.1,1.8,1.1,1.0,1.1,1.8,1.2,1.0,1.2,1.0,1.1,1.0,1.8,1.1
01 Sep 2018,111.3,1.1,1.8,1.7,1.1,0.9,0.7,1.0,1.0,1.0,2.6,1.0,1.7,1.0,0.9,1.0,0.9,1.8,1.1,1.0,1.0,1.0,2.8,2.6,3.9,4.6,2.7,4.4,3.7,3.0,4.9,4.7,3.2,6.9,6.7,5.0,3.0,3.9,2.5,1.9,2.7,1.9,2.0,2.2,1.0,1.9,1.7,1.2,0.9
02 Sep 2018,90.9,1.0,0.9,2.1,2.4,2.1,2.8,1.1,1.0,0.9,1.0,1.7,1.0,0.9,0.6,1.6,1.1,2.0,1.1,3.3,2.4,3.4,3.5,3.9,3.8,5.7,4.2,3.3,3.8,3.5,0.0,0.0,0.0,0.0,0.0,1.8,3.0,2.9,2.9,3.0,1.8,1.7,1.0,1.5,0.9,0.9,1.1,0.9,0.9
03 Sep 2018,96.7,1.1,0.9,0.9,1.1,0.9,1.0,1.1,0.9,0.9,1.1,0.9,1.0,1.0,0.9,1.0,0.9,0.9,1.1,1.0,4.6,2.8,2.6,4.8,4.0,5.4,5.3,4.8,4.2,3.2,3.9,3.3,3.5,4.5,3.3,2.5,3.4,0.9,1.0,0.9,0.9,1.1,0.9,1.1,0.9,0.9,1.0,0.9,1.0
04 Sep 2018,101.4,0.9,0.9,1.0,0.9,1.1,0.9,1.0,0.9,1.0,1.0,1.0,1.0,0.9,1.0,0.9,1.0,0.9,1.0,1.5,0.7,1.0,6.1,5.1,6.3,4.2,5.4,5.8,0.0,4.2,3.4,2.7,2.6,3.5,3.5,4.3,4.3,1.1,1.1,1.0,1.2,1.0,1.2,0.6,1.1,1.0,4.6,1.0,4.3
05 Sep 2018,47.9,1.0,1.1,1.1,1.0,1.1,1.0,1.1,1.0,1.1,1.0,0.8,1.0,1.2,1.0,1.2,0.9,1.1,0.9,1.0,0.9,1.1,0.9,1.1,1.0,1.1,1.0,1.1,1.0,1.1,1.0,1.1,1.0,1.1,1.0,1.1,0.9,1.0,0.9,1.0,0.9,1.0,0.9,1.0,1.0,1.0,0.9,1.0,0.9
06 Sep 2018,148.7,1.0,0.9,1.0,1.0,1.0,1.0,1.0,1.0,0.9,1.0,0.9,1.1,0.9,1.0,0.9,1.1,0.9,1.1,1.7,5.2,5.1,4.7,4.7,7.3,6.1,7.6,4.3,5.1,5.7,7.3,7.6,6.9,13.1,4.0,6.4,4.4,3.8,1.9,2.9,4.8,2.0,1.1,0.9,2.2,0.9,1.0,0.9,1.1
07 Sep 2018,163.6,2.0,1.0,0.9,1.1,2.0,1.1,0.9,2.2,0.9,2.1,0.9,1.0,1.9,0.7,0.9,1.1,0.9,2.2,1.8,3.3,5.3,8.5,5.1,6.3,6.4,6.3,12.3,4.9,8.1,9.2,6.5,8.3,9.3,7.2,6.1,4.7,3.8,1.2,1.5,1.5,2.2,1.1,1.1,1.1,2.1,1.1,1.0,2.2
08 Sep 2018,131.5,1.0,1.7,1.0,1.2,2.0,1.2,2.0,1.2,1.0,2.1,1.1,1.1,1.0,1.1,1.1,1.1,1.0,1.1,4.3,8.8,5.4,6.5,6.9,7.1,7.7,8.1,9.6,6.4,3.0,0.0,0.0,0.0,3.0,8.0,5.0,5.7,2.8,2.0,1.7,2.7,0.6,0.7,0.7,0.1,0.1,1.4,0.3,0.2
09 Sep 2018,103.9,0.1,0.2,0.4,0.4,1.2,0.1,1.3,0.3,0.2,0.1,0.1,0.3,0.3,1.2,0.1,1.2,0.3,0.2,5.0,6.9,6.6,5.3,4.0,3.6,3.6,3.4,2.6,2.6,2.8,0.0,0.0,5.7,5.5,3.4,5.1,4.4,5.8,3.3,4.7,3.0,1.3,1.1,1.0,0.9,1.0,1.0,0.9,1.0
10 Sep 2018,111.9,1.1,0.5,0.9,1.1,0.9,0.9,1.1,1.0,0.9,1.1,1.0,0.9,1.0,1.0,0.9,0.9,1.1,0.9,3.5,3.5,4.1,4.2,6.3,3.5,4.6,4.6,2.8,4.8,5.9,5.2,3.6,4.5,4.3,4.2,4.1,2.7,1.9,2.0,2.2,1.0,1.1,2.2,1.0,1.1,2.1,1.0,1.2,1.0
11 Sep 2018,62.7,1.1,1.1,1.0,1.2,1.0,1.0,2.1,0.9,1.0,2.1,1.0,1.0,0.9,1.0,1.0,0.9,2.1,0.9,2.0,1.2,1.0,2.1,1.1,1.0,2.2,1.1,1.0,2.2,1.1,1.0,1.2,1.0,1.0,2.2,1.1,1.0,2.2,1.0,1.1,2.1,1.0,1.1,1.0,2.0,1.2,1.0,2.1,1.1
12 Sep 2018,63.6,1.0,1.1,2.0,1.0,1.1,1.0,1.1,1.2,1.0,2.1,0.9,1.0,0.9,1.0,1.0,0.9,2.1,1.0,1.2,1.0,1.1,1.1,1.0,2.2,1.0,1.1,1.0,1.1,1.7,1.0,2.3,1.0,2.2,1.1,1.0,2.3,1.0,1.7,1.1,2.0,1.2,2.0,1.2,1.0,2.1,1.0,2.1,1.1
13 Sep 2018,144.4,2.0,0.8,1.0,1.1,1.1,2.1,1.1,1.0,1.2,2.0,1.2,0.9,2.1,1.1,1.0,1.0,2.0,1.1,1.0,3.5,3.4,7.3,5.1,5.9,5.1,6.0,7.2,5.1,5.9,7.8,7.3,6.4,7.2,4.9,4.8,6.5,4.4,2.6,1.5,1.1,1.0,1.2,2.0,1.1,1.0,1.1,2.1,1.0
14 Sep 2018,153.9,1.1,0.9,1.0,0.6,0.9,1.1,2.0,1.0,1.0,2.0,1.1,0.9,1.0,2.1,1.0,0.7,0.9,1.1,3.2,4.1,5.9,7.0,7.6,6.4,6.7,5.3,5.0,4.7,6.0,6.3,8.3,5.9,5.5,6.5,5.1,6.8,6.0,4.5,4.1,1.5,1.5,1.5,1.1,2.1,1.1,1.1,1.1,1.1
15 Sep 2018,126.0,1.1,1.1,1.1,1.1,2.1,1.1,1.1,1.1,1.1,0.7,1.1,1.1,1.1,1.1,1.1,1.1,1.1,1.1,1.9,2.7,5.0,5.3,6.4,3.2,2.9,6.8,5.0,5.2,5.2,7.2,6.2,5.1,5.2,4.2,5.2,4.1,2.7,2.6,2.6,1.8,1.9,1.1,1.1,1.0,1.0,1.0,1.0,1.0
16 Sep 2018,133.7,1.0,1.0,1.0,1.0,1.0,1.0,1.0,1.0,1.0,2.0,2.0,0.9,1.0,0.9,0.9,0.9,1.0,1.0,3.6,2.5,2.6,4.7,5.8,4.4,4.0,6.3,4.2,6.3,6.3,8.9,9.5,7.7,7.0,5.4,4.3,3.2,2.6,1.2,1.5,1.5,1.5,1.5,1.1,2.2,1.1,1.1,1.1,1.1
17 Sep 2018,144.3,1.1,1.1,2.2,1.1,1.1,1.1,1.1,1.1,1.1,2.2,1.1,1.1,1.1,1.1,2.1,1.1,2.2,1.1,1.9,2.7,3.7,5.0,6.1,6.5,5.9,5.9,6.3,4.3,6.0,6.1,4.5,4.3,7.8,5.5,9.3,6.5,3.1,2.6,1.6,1.2,1.6,1.6,1.2,1.2,2.2,2.2,1.2,2.2
18 Sep 2018,123.5,2.2,2.2,2.2,2.2,2.2,1.2,1.2,1.1,2.2,2.2,1.1,1.1,1.1,1.1,1.1,1.1,1.1,1.2,2.6,1.9,3.3,2.7,3.3,4.7,4.1,3.8,3.1,3.0,5.9,7.9,7.0,6.3,9.0,6.2,5.9,2.0,2.3,2.1,1.8,3.1,1.0,0.2,1.2,0.2,0.2,0.2,0.2,0.2
19 Sep 2018,21.4,0.2,0.2,0.2,0.2,1.2,0.2,0.2,1.2,0.2,0.2,0.2,1.2,0.2,0.2,1.2,0.2,0.2,0.2,1.3,0.2,0.2,0.2,1.3,0.2,0.2,0.2,1.2,0.2,0.2,0.2,1.2,0.2,0.2,0.2,1.2,0.2,0.2,0.2,0.2,0.2,0.2,1.2,0.2,0.2,1.2,0.2,0.2,0.2
20 Sep 2018,113.0,0.2,0.2,0.2,1.2,0.2,0.2,0.2,0.2,0.2,0.2,0.2,1.3,0.2,0.2,0.2,0.2,1.2,0.2,1.7,3.8,1.8,3.5,3.9,5.2,6.0,5.8,7.3,3.8,3.8,8.1,6.5,7.3,7.5,5.5,7.2,5.0,1.7,2.1,0.6,1.7,1.2,1.4,0.7,0.4,1.2,0.8,0.3,0.3
21 Sep 2018,60.2,0.7,0.3,0.7,0.9,0.7,0.4,0.7,0.8,0.8,0.8,0.8,0.2,0.9,0.7,0.3,0.7,0.8,0.7,2.3,4.5,4.0,5.5,5.1,4.1,6.0,5.0,,,,,,,,,,5.9,2.0,1.1,1.8,0.1,0.0,0.0,0.2,0.2,0.0,0.0,0.1,0.2
22 Sep 2018,102.2,0.0,0.0,0.0,0.2,0.1,0.0,0.0,0.0,0.1,0.2,0.1,0.0,0.0,0.0,0.1,0.2,0.2,0.2,0.8,1.6,3.6,5.8,5.6,6.7,6.1,5.0,4.2,4.9,4.0,6.7,7.5,6.6,4.4,3.6,0.0,4.6,2.8,2.2,2.3,0.8,1.9,2.0,1.3,0.6,1.5,1.0,1.1,1.3
23 Sep 2018,108.7,0.3,0.8,1.5,0.1,1.5,0.6,1.1,0.3,1.2,2.0,1.0,1.0,1.4,0.1,0.1,1.1,0.3,0.3,1.0,1.8,2.3,3.5,5.3,4.1,4.1,4.3,3.7,4.3,6.6,5.1,5.6,5.4,7.6,4.1,5.1,6.1,3.9,1.2,2.5,0.8,1.4,0.4,0.6,0.6,1.6,0.1,0.6,0.6
24 Sep 2018,123.8,0.1,1.0,1.2,2.2,0.3,1.3,0.3,0.8,1.2,1.2,0.7,0.3,1.7,1.0,1.1,0.6,1.0,0.1,2.6,6.7,8.6,8.8,4.1,5.1,4.5,5.7,4.9,4.5,5.5,5.5,4.9,5.3,4.0,5.9,5.3,3.9,1.4,1.6,0.9,0.5,1.1,0.3,0.7,0.9,1.1,1.1,1.3,1.3
25 Sep 2018,44.4,1.2,0.2,0.6,1.3,0.3,1.2,0.6,0.4,0.7,0.6,0.7,1.8,0.2,0.2,0.8,0.7,0.2,1.2,0.4,1.2,0.2,1.2,2.6,2.9,1.9,3.1,0.8,2.2,0.3,1.4,0.2,0.8,0.4,1.3,1.2,0.9,0.2,0.6,1.3,1.2,0.2,0.7,1.3,1.1,0.6,0.3,0.2,1.2
26 Sep 2018,34.8,0.8,0.6,0.2,0.8,1.3,0.6,0.4,0.7,0.2,1.8,0.3,0.6,0.7,0.3,0.6,0.6,1.4,0.7,0.2,1.4,0.7,0.2,1.3,0.8,2.2,0.2,0.9,0.8,0.2,0.9,1.3,1.1,0.9,0.3,1.1,1.3,0.3,0.2,0.4,0.2,2.1,0.8,0.2,0.6,0.8,0.2,0.6,0.3
27 Sep 2018,94.7,0.6,0.3,0.8,0.6,0.3,0.3,0.6,1.8,0.7,0.2,0.7,0.7,0.6,0.4,1.7,0.6,0.8,0.6,0.2,0.4,3.4,3.7,4.4,2.7,4.4,4.6,3.8,3.7,3.8,2.7,3.4,4.4,3.4,4.9,2.5,6.5,3.2,1.7,2.3,1.8,1.5,2.3,2.4,0.2,1.1,0.9,1.1,1.1
28 Sep 2018,127.8,1.2,0.3,1.1,1.1,0.8,1.6,2.4,0.3,0.8,0.7,1.7,1.3,2.8,1.9,2.4,2.6,2.0,1.5,0.2,2.2,5.0,3.9,4.0,4.7,3.4,4.0,4.5,5.4,5.2,7.4,6.1,5.1,8.2,6.1,5.8,5.5,3.2,2.8,0.3,1.1,0.1,2.1,1.0,1.1,0.1,0.3,1.2,1.3
29 Sep 2018,101.7,0.7,1.1,0.6,0.1,0.6,1.1,1.6,0.6,0.1,0.3,0.7,0.7,1.8,1.7,0.5,0.5,0.0,0.6,1.4,3.3,3.4,4.8,3.0,3.3,4.6,3.1,3.2,2.2,4.8,5.8,6.8,7.3,4.6,5.5,4.0,5.6,1.9,1.3,1.3,2.4,0.8,0.1,0.1,1.1,0.6,0.6,0.2,0.8
30 Sep 2018,103.7,0.3,0.8,1.6,1.6,0.1,1.6,0.6,0.3,0.8,0.3,0.7,0.6,0.6,0.6,0.1,1.8,1.3,0.3,2.7,5.8,4.4,5.1,4.5,3.6,3.1,4.4,4.8,5.3,3.7,0.0,3.4,5.0,3.4,5.0,5.4,5.2,1.9,2.4,2.2,1.6,1.4,2.2,0.8,1.4,0.2,0.3,0.3,0.2
01 Oct 2018,111.5,0.8,1.3,0.2,0.3,1.3,1.7,1.3,1.3,0.2,1.3,0.3,0.7,0.8,1.4,0.7,0.8,0.8,0.2,3.0,2.1,2.1,1.6,1.0,6.2,5.9,6.4,7.8,4.3,6.5,6.3,5.2,6.1,5.5,4.4,5.6,5.1,1.5,1.0,1.5,0.5,2.0,0.7,0.2,0.6,2.2,0.2,0.2,0.2
02 Oct 2018,116.1,0.2,1.2,0.2,0.2,1.1,1.1,0.2,0.2,1.1,0.2,0.2,0.6,0.2,1.1,0.2,1.1,1.2,0.2,1.1,1.3,2.8,2.6,3.3,5.6,3.9,4.4,5.6,4.3,5.3,5.7,6.1,8.4,7.2,6.5,9.4,6.4,5.3,1.3,2.2,0.3,2.1,1.5,0.2,0.7,1.1,0.7,0.3,0.3
03 Oct 2018,40.0,0.1,0.2,0.3,0.1,0.6,2.2,0.7,1.2,0.3,0.7,1.2,0.3,0.6,1.7,0.2,0.7,0.2,0.6,2.2,1.2,1.1,1.2,0.1,0.7,2.2,0.2,1.2,1.3,1.3,0.3,0.2,1.3,0.2,1.2,0.2,1.3,0.7,0.7,0.7,0.6,0.2,0.7,1.2,1.2,1.2,0.7,1.2,1.2
04 Oct 2018,121.3,0.7,1.2,0.3,0.1,1.1,0.1,0.2,2.1,0.2,0.6,0.7,0.6,1.8,0.6,0.2,1.1,0.2,1.2,1.1,0.7,2.0,5.2,7.9,9.1,6.3,5.6,2.5,3.8,4.9,4.7,7.4,7.0,4.3,6.8,4.7,5.4,4.2,3.0,1.2,0.5,2.2,1.5,1.4,2.4,1.1,0.6,0.2,0.3
05 Oct 2018,86.6,0.2,1.1,2.1,0.7,0.3,0.1,0.6,0.1,0.8,0.3,1.6,1.7,0.7,0.3,1.1,0.1,0.6,0.5,0.0,2.2,1.4,2.2,1.9,1.6,4.6,3.0,2.2,2.6,1.6,3.8,5.9,6.3,5.0,7.1,3.5,4.4,1.7,2.4,1.1,0.1,0.1,0.6,1.1,1.3,1.3,2.3,0.8,1.3
06 Oct 2018,95.2,1.3,0.6,0.2,0.1,1.1,0.7,0.6,0.6,0.1,1.6,0.1,0.6,0.6,0.1,0.6,0.1,0.6,1.2,4.2,1.7,1.8,1.7,3.2,3.2,4.9,4.8,4.0,4.4,5.3,3.7,7.7,2.9,4.8,3.7,3.7,4.8,4.2,2.5,2.1,0.2,0.2,1.1,0.6,1.7,0.3,0.4,0.4,0.3
07 Oct 2018,98.8,0.3,0.3,0.2,0.2,1.2,0.2,0.6,1.1,0.2,0.2,0.6,1.1,0.3,0.4,1.3,1.4,0.8,0.7,0.9,1.7,1.7,3.1,3.9,5.7,4.4,4.3,4.4,4.6,5.6,5.7,3.9,3.7,6.0,5.5,3.8,6.0,1.5,1.3,1.1,0.2,1.5,2.3,1.3,1.1,0.6,0.6,0.3,1.3
08 Oct 2018,66.5,2.2,1.1,0.6,0.1,0.3,0.8,0.1,1.2,1.6,0.2,1.1,1.6,0.2,0.8,0.2,0.5,0.2,2.2,1.1,2.1,2.0,1.5,2.1,1.9,3.4,2.4,1.8,1.9,3.1,3.0,2.7,3.0,2.6,1.6,1.9,2.0,1.7,0.5,1.5,1.2,2.1,0.4,0.2,1.2,0.2,0.3,0.8,1.2
09 Oct 2018,84.2,0.7,0.2,1.2,0.4,0.6,1.2,1.6,1.9,0.4,0.2,0.6,0.2,0.9,0.8,0.2,0.2,1.7,1.7,1.6,2.1,2.1,4.9,3.3,3.7,2.3,3.5,3.1,1.8,4.0,2.1,6.2,5.2,4.9,3.2,2.9,3.1,0.2,1.9,0.6,0.4,0.4,1.2,0.2,1.1,1.3,1.8,0.2,0.6
10 Oct 2018,43.9,1.7,0.7,0.4,0.7,0.2,1.7,0.6,0.4,0.8,1.6,0.6,0.6,0.7,1.4,0.2,0.2,1.7,1.2,0.8,0.7,0.6,1.6,0.2,0.4,1.4,0.8,1.2,0.2,2.2,1.4,0.4,0.2,1.2,0.7,0.8,0.4,1.3,0.6,1.1,1.3,2.4,1.2,1.1,1.1,0.2,1.4,0.8,1.1
11 Oct 2018,94.5,0.2,0.2,2.3,0.4,0.2,1.1,0.2,1.8,0.8,0.7,0.6,0.2,1.7,0.8,1.2,0.6,0.6,1.2,1.4,1.9,1.9,1.7,2.7,2.6,4.0,3.0,4.4,2.2,1.7,2.5,4.3,2.9,4.9,3.2,3.9,5.0,5.5,2.3,2.1,1.1,1.1,2.2,1.8,2.3,2.0,2.1,1.1,2.1
12 Oct 2018,140.0,2.3,1.1,3.0,1.0,1.0,1.7,3.0,1.0,2.1,1.5,2.1,3.2,1.0,2.1,1.0,1.9,2.0,2.2,2.6,5.2,7.7,6.0,6.0,5.2,3.8,8.2,6.3,4.1,6.3,5.1,4.9,3.8,3.1,4.2,4.3,7.3,1.9,0.7,1.1,1.4,0.6,1.5,1.9,0.6,0.6,0.6,0.7,0.8
13 Oct 2018,122.3,1.7,0.6,0.6,2.1,1.3,1.2,0.6,1.6,0.6,1.1,1.8,0.6,1.0,0.6,0.7,1.2,0.8,1.1,4.6,5.3,4.2,4.7,6.0,4.5,6.1,5.8,4.4,5.1,5.0,5.0,4.8,6.2,5.3,5.3,4.9,4.6,2.7,2.5,2.8,0.2,0.2,1.2,0.2,0.2,0.2,0.2,0.2,0.2
14 Oct 2018,60.8,0.2,0.2,1.3,0.2,0.2,1.3,0.2,0.2,0.2,1.3,0.2,0.2,1.3,0.2,0.2,0.2,0.2,1.2,1.0,1.8,3.7,4.0,2.6,0.0,0.0,0.0,0.0,0.0,0.0,0.0,5.3,1.8,3.1,2.8,2.7,2.8,2.1,2.1,3.0,1.9,3.0,1.8,2.7,1.5,0.4,0.4,0.4,0.5
15 Oct 2018,89.5,0.4,0.4,0.4,0.4,0.4,0.3,0.4,2.7,0.4,1.5,0.3,0.4,0.4,1.3,0.4,0.3,0.4,0.4,1.4,1.2,2.1,3.3,4.8,3.9,4.3,3.4,4.4,5.1,2.7,2.5,4.8,4.7,3.5,4.6,3.5,2.8,1.9,0.5,0.7,1.8,0.5,0.8,0.5,4.0,0.5,0.4,0.6,2.7
16 Oct 2018,31.3,0.6,0.4,0.5,0.4,1.6,0.4,3.9,0.4,0.5,0.4,0.4,0.5,1.4,0.6,0.4,0.4,0.6,0.4,0.5,0.6,0.4,0.4,0.6,0.4,0.4,0.6,1.5,0.4,0.5,0.5,0.4,0.4,0.6,0.5,1.4,0.4,0.8,0.4,0.4,0.4,0.6,1.6,0.4,0.4,0.4,0.5,0.6,1.5
17 Oct 2018,36.1,0.4,0.4,0.4,0.6,1.6,0.5,0.4,0.4,0.4,0.6,1.6,0.4,0.4,1.4,0.4,0.6,0.5,0.4,0.4,0.4,2.7,0.6,1.5,0.4,0.4,1.4,0.6,0.6,0.4,0.4,1.4,0.5,0.6,0.5,0.4,0.4,0.4,1.6,0.6,0.4,0.4,5.9,0.6,0.6,0.4,0.4,0.4,0.6
18 Oct 2018,66.6,0.5,0.4,1.4,0.4,0.5,1.6,0.4,0.4,0.4,1.5,0.6,0.4,0.4,0.4,0.4,2.8,0.6,0.4,0.4,1.4,1.8,1.2,1.7,2.8,1.0,4.2,1.2,1.0,2.1,3.3,2.3,4.8,3.8,4.2,4.6,5.7,1.8,1.2,0.2,0.1,0.0,1.1,0.2,0.0,0.0,0.1,1.3,0.0
19 Oct 2018,68.8,0.0,0.2,0.1,1.1,1.2,0.2,0.0,0.0,0.2,1.1,0.0,0.1,0.2,0.0,0.0,0.2,0.1,0.0,0.8,1.6,0.9,3.4,3.2,3.6,2.8,5.2,1.8,3.5,3.3,6.9,3.7,5.0,3.4,1.9,1.9,3.8,3.7,0.1,1.2,0.2,0.1,1.0,0.3,0.1,0.1,0.2,0.2,0.1
20 Oct 2018,54.3,0.1,0.3,0.1,0.1,1.8,0.3,0.1,1.7,2.1,0.2,0.9,1.0,0.2,1.9,0.9,1.0,1.9,1.0,0.1,0.1,0.3,0.8,0.5,0.2,2.1,0.4,2.1,2.4,2.2,1.8,2.1,2.0,1.3,4.6,3.0,2.8,1.4,4.0,0.5,1.7,0.2,0.1,0.7,0.3,0.5,0.1,0.1,0.3
21 Oct 2018,25.8,0.6,0.1,0.1,0.2,0.3,0.2,0.1,0.1,0.1,0.3,0.2,0.1,0.1,0.1,0.2,0.3,0.1,0.1,0.1,0.9,1.1,0.4,1.0,0.9,1.1,0.4,0.2,0.5,0.3,0.3,1.8,1.8,1.7,1.7,0.8,0.0,0.0,0.0,0.8,1.8,1.6,1.6,0.9,0.2,0.2,0.1,0.1,0.2
22 Oct 2018,37.6,0.2,0.1,0.2,0.2,0.1,0.2,0.2,0.1,0.2,0.2,0.2,0.1,0.2,0.2,0.1,0.2,0.2,0.0,0.0,0.0,0.3,0.2,0.9,0.1,2.7,3.8,1.9,0.9,1.8,2.0,1.6,2.8,2.0,1.3,2.0,0.8,2.9,2.0,0.2,0.3,1.3,1.3,0.2,0.2,0.2,0.3,0.2,1.3
23 Oct 2018,65.3,0.2,0.2,0.2,0.2,0.2,0.2,1.2,1.3,1.3,0.2,0.3,0.3,0.2,0.3,0.3,1.3,1.3,0.1,0.2,1.2,1.2,0.2,0.1,0.3,0.2,0.3,1.0,1.8,2.7,3.1,3.7,4.8,4.8,6.0,3.3,3.4,7.1,2.1,1.0,2.4,1.0,1.9,0.3,0.3,1.2,0.3,0.3,0.2
24 Oct 2018,24.3,0.3,0.3,1.2,0.2,0.4,1.2,0.2,0.4,0.2,0.3,0.3,0.2,0.3,0.3,1.2,0.3,1.4,0.2,0.3,0.3,0.3,0.3,0.3,1.2,0.3,1.3,0.3,0.3,0.3,1.3,0.3,0.3,0.3,1.3,0.3,0.2,0.3,1.3,0.2,0.3,0.3,1.2,0.3,0.3,0.3,1.4,0.2,0.3
25 Oct 2018,66.5,0.3,1.2,0.3,0.3,0.2,0.3,0.3,0.2,1.3,0.3,0.2,0.4,0.3,0.2,1.4,0.3,0.2,1.4,0.3,1.5,0.4,0.5,0.4,1.1,2.7,2.6,2.4,2.4,2.0,3.3,3.9,5.8,6.0,5.0,4.9,5.3,1.9,0.6,0.5,0.9,1.3,0.3,0.3,0.3,0.2,0.3,0.2,0.3
26 Oct 2018,71.1,1.2,0.3,0.3,1.2,0.3,0.2,0.3,1.3,0.2,0.3,0.2,0.3,0.3,0.2,0.4,1.3,0.3,0.3,1.6,1.7,3.2,3.1,4.1,4.9,4.8,4.9,1.8,2.8,3.8,1.8,1.9,6.0,5.4,2.9,0.0,0.0,2.4,0.1,0.2,0.1,0.3,1.2,0.2,0.2,0.1,1.2,0.1,1.3
27 Oct 2018,81.9,0.1,0.2,0.2,1.1,0.2,1.2,0.2,0.2,0.2,1.2,0.1,1.3,0.2,0.1,0.2,1.1,0.2,0.2,0.2,0.2,0.9,1.0,2.8,5.0,2.7,3.2,3.8,3.9,3.6,5.5,4.0,4.6,4.7,4.2,5.7,2.8,3.2,2.4,1.2,0.2,1.2,1.1,0.2,1.1,1.3,0.2,1.1,1.3
28 Oct 2018,64.2,0.1,0.2,0.2,0.1,0.3,0.1,0.2,0.2,0.1,1.2,0.1,1.3,0.2,0.1,0.2,0.2,0.2,0.1,0.1,1.0,1.8,1.6,1.8,2.6,3.7,3.9,3.9,3.5,3.9,3.7,2.7,3.9,3.8,4.9,3.4,4.2,1.4,0.6,0.1,1.0,0.1,0.2,0.1,0.2,0.2,0.2,0.2,0.1
29 Oct 2018,72.1,0.3,0.1,0.2,0.1,0.2,0.2,0.1,0.2,0.1,0.3,0.1,0.2,0.2,0.1,0.2,0.1,0.2,0.2,0.2,0.9,1.7,2.6,2.8,1.7,2.5,1.7,3.5,3.2,3.9,2.1,3.3,4.4,3.3,3.3,3.9,4.3,2.9,2.4,1.6,1.0,1.1,2.1,0.9,1.2,2.3,1.3,2.2,1.0
30 Oct 2018,60.4,1.0,1.1,1.3,0.9,2.5,0.9,1.0,0.9,1.0,1.1,2.2,1.1,1.2,1.0,1.0,1.3,0.9,1.1,1.1,0.9,2.5,1.1,1.0,2.3,1.1,1.5,1.1,2.1,0.9,1.2,2.1,0.8,1.1,1.1,1.0,2.1,1.2,1.0,2.0,0.6,1.1,1.0,1.2,1.2,2.0,0.9,1.0,1.0
31 Oct 2018,54.8,1.2,0.7,1.2,0.9,1.0,1.9,1.2,0.9,2.0,1.1,0.9,0.9,1.1,2.2,1.0,1.3,2.0,1.3,0.7,0.9,0.0,1.5,2.1,0.7,1.0,1.1,1.0,2.0,0.7,1.0,0.8,2.3,0.3,0.0,0.6,2.0,1.1,1.0,2.0,0.9,1.0,0.6,0.7,0.9,2.2,1.0,1.0,0.9
01 Nov 2018,63.5,1.1,0.9,2.2,1.9,0.8,1.0,1.0,0.8,0.8,2.1,1.0,0.7,1.0,0.9,1.9,0.9,1.0,0.8,1.0,0.8,2.0,1.4,1.3,1.5,2.8,1.9,1.4,1.6,2.3,2.3,1.2,2.0,1.5,1.0,1.0,2.4,2.0,0.9,1.2,1.6,1.2,0.6,1.7,0.4,0.6,0.5,1.5,0.5
02 Nov 2018,40.2,0.6,,,,,,,,,,0.7,0.5,0.7,0.6,0.6,0.6,0.6,0.6,0.5,0.6,0.2,0.2,0.2,2.4,1.0,0.1,0.5,0.9,3.5,3.2,1.0,2.1,2.1,2.2,3.0,1.8,2.1,2.7,1.7,0.3,0.2,0.2,1.3,0.1,0.2,0.2,0.1,0.2
03 Nov 2018,20.1,1.3,0.1,0.2,0.2,1.2,0.2,0.2,0.1,0.2,1.2,0.2,0.1,1.3,0.2,0.2,0.1,1.2,0.2,0.2,0.2,0.2,0.2,1.2,0.1,0.2,1.1,0.2,0.1,1.3,0.2,0.2,1.2,0.2,0.2,0.2,0.2,0.1,0.2,0.2,0.1,0.1,0.2,0.2,0.2,1.2,0.2,0.2,0.2
04 Nov 2018,35.4,1.3,0.1,0.2,0.1,0.2,0.1,1.2,0.2,1.3,0.2,0.1,0.1,0.2,1.2,0.2,0.1,1.2,0.2,0.2,0.1,0.2,0.1,0.1,1.9,2.5,3.6,2.2,0.9,1.0,0.2,0.6,0.2,2.0,0.5,0.2,1.6,0.2,1.2,0.9,1.9,0.8,0.9,0.5,0.1,1.3,0.2,0.2,0.2
05 Nov 2018,35.5,1.2,0.2,0.2,0.3,0.2,1.3,0.1,0.2,0.2,1.2,0.2,0.2,1.3,0.1,0.2,0.2,0.2,0.2,0.2,1.2,0.2,1.2,0.2,0.5,1.6,0.8,1.5,0.2,0.9,0.1,2.1,1.2,0.5,2.0,1.8,2.8,1.7,1.5,0.2,0.2,0.2,1.1,0.5,1.2,0.1,0.1,1.2,0.2
06 Nov 2018,22.4,1.2,0.1,0.2,0.2,1.2,0.1,1.1,0.2,1.2,0.2,1.2,0.1,1.2,0.2,0.2,0.2,0.2,0.0,0.0,1.2,0.1,1.2,0.2,1.2,0.7,0.4,0.2,1.5,1.9,0.5,0.1,0.0,0.0,0.0,0.2,0.1,0.1,1.1,0.1,1.1,1.1,0.1,0.1,0.1,0.1,0.1,0.1,0.1
07 Nov 2018,14.6,1.1,0.1,1.1,1.1,0.1,0.1,0.1,0.1,0.1,0.1,0.1,0.1,0.1,1.1,0.1,1.1,1.1,0.1,1.1,0.1,0.1,1.1,0.1,0.1,1.1,0.1,0.1,0.1,0.1,0.1,0.1,0.1,0.1,0.1,0.1,0.1,0.1,0.1,0.1,0.1,1.1,1.1,0.1,0.1,0.1,0.1,0.1,0.1
08 Nov 2018,15.8,1.1,0.1,1.1,1.1,0.1,0.1,0.1,0.1,0.1,0.1,0.1,0.1,0.1,0.1,0.1,0.1,0.1,0.1,0.1,0.1,2.1,0.1,0.4,0.1,0.1,1.1,0.1,0.1,1.1,0.4,0.1,0.1,1.1,0.1,0.1,1.4,0.1,0.1,0.1,0.4,0.4,1.1,0.1,0.1,0.1,0.1,0.1,0.1
09 Nov 2018,33.7,1.1,0.1,1.1,0.1,0.1,0.1,1.1,0.1,0.1,0.1,0.1,1.1,0.1,0.1,0.1,0.1,0.1,1.1,0.1,0.1,0.1,0.1,1.1,1.1,0.3,0.3,1.0,0.4,0.2,2.1,2.0,2.0,3.0,3.6,2.8,2.0,1.2,0.4,0.2,0.3,0.3,0.3,0.3,0.3,0.3,0.3,0.2,0.2
10 Nov 2018,43.3,0.2,0.3,0.2,0.3,0.2,0.2,0.3,0.3,0.3,0.3,0.3,0.3,0.2,0.2,1.3,1.2,0.3,1.3,1.3,1.2,0.2,1.3,0.3,0.2,1.4,2.0,0.5,1.5,1.9,1.7,1.9,2.1,4.5,1.2,1.1,0.4,1.8,1.0,2.0,0.1,1.5,0.5,0.3,0.2,0.1,1.3,0.1,1.1
11 Nov 2018,37.7,0.1,0.3,0.2,0.1,0.1,0.2,1.3,0.2,0.1,0.1,0.3,1.3,0.1,0.1,0.1,0.3,0.2,1.1,1.4,2.2,1.6,1.8,2.3,1.3,2.5,1.0,1.4,0.6,2.3,1.0,0.4,1.4,0.4,1.2,2.0,3.4,1.6,0.1,0.1,0.1,0.1,0.1,0.1,0.2,0.1,0.3,0.3,0.3
12 Nov 2018,46.2,0.3,0.3,0.3,0.3,0.2,0.1,0.1,0.1,0.1,0.1,0.1,0.1,0.1,0.1,0.1,0.1,0.1,0.1,1.1,1.3,0.2,1.3,3.8,1.6,3.5,3.5,2.7,1.1,3.4,3.4,1.9,1.9,1.7,0.6,0.2,1.6,1.3,0.2,1.3,1.2,1.4,0.5,0.4,0.4,0.4,1.4,0.4,0.4
13 Nov 2018,23.0,0.4,0.4,0.4,1.4,0.4,0.3,0.3,0.3,1.2,1.2,0.2,0.2,0.2,0.2,0.2,0.2,0.2,1.2,1.3,0.2,0.2,0.2,0.2,0.2,1.3,0.2,0.2,0.2,0.2,1.2,0.2,0.2,0.2,1.2,0.2,0.2,0.2,1.2,0.2,0.2,0.2,1.3,0.2,0.2,0.2,1.2,0.2,0.2
14 Nov 2018,24.1,0.2,1.2,0.2,0.2,0.2,0.1,0.7,1.2,1.2,1.3,0.2,0.2,0.2,1.2,1.2,0.2,0.2,0.2,0.2,0.2,1.2,1.2,0.2,0.2,0.2,1.2,0.2,0.2,0.2,0.2,1.2,0.2,0.2,0.2,0.2,0.2,0.2,0.2,1.3,0.2,0.2,1.2,0.2,0.2,0.2,1.3,0.3,0.3
15 Nov 2018,37.3,1.4,0.4,0.4,0.4,0.4,1.4,0.4,0.4,1.4,0.4,0.4,0.4,0.4,1.4,1.4,0.4,0.4,1.4,0.4,1.3,0.2,1.3,0.2,0.2,0.1,1.2,1.2,1.2,1.1,1.8,1.8,1.8,1.8,1.8,1.7,1.8,0.2,0.4,0.4,0.3,0.3,0.3,0.3,0.3,0.1,0.1,0.1,0.1
16 Nov 2018,59.4,0.2,0.2,1.2,1.2,1.2,1.2,1.2,1.2,1.2,1.2,0.1,0.1,0.1,0.1,0.1,1.2,1.2,1.1,1.8,1.9,0.1,0.1,1.2,1.1,0.9,0.1,2.0,0.9,0.2,1.1,3.8,0.4,3.6,3.4,3.5,3.2,3.9,3.7,1.5,1.6,0.6,0.6,0.3,1.4,0.3,0.4,0.2,1.4
17 Nov 2018,59.7,1.3,0.3,0.3,0.5,0.3,0.3,0.3,1.4,0.3,0.3,0.2,1.3,0.3,1.3,1.3,0.3,0.3,0.3,0.3,1.4,1.0,2.0,2.9,3.7,2.8,2.4,3.0,3.0,0.7,4.4,3.1,2.3,2.2,3.1,2.2,1.1,0.6,1.5,0.5,0.7,0.4,1.5,0.4,0.3,1.3,0.3,0.3,0.4
18 Nov 2018,30.3,1.3,0.2,0.3,0.1,1.3,0.2,0.2,0.2,0.3,1.3,0.2,1.3,0.2,0.2,0.3,1.2,1.2,0.1,0.3,0.3,1.3,0.3,0.3,0.0,0.4,0.1,0.2,0.4,0.3,1.8,0.0,2.1,2.8,1.7,1.4,1.2,0.2,0.2,0.2,1.2,0.1,0.2,1.2,0.3,0.2,0.2,1.2,0.1
19 Nov 2018,29.2,0.2,1.2,0.2,0.1,0.1,1.1,0.2,1.2,0.2,0.2,1.2,0.2,0.2,0.2,0.2,0.4,1.4,0.4,1.5,0.5,1.4,0.2,0.2,1.4,0.3,1.4,0.4,0.4,2.0,1.6,0.5,2.6,0.2,0.0,0.0,0.0,0.0,1.1,0.5,0.5,0.4,0.3,0.4,0.4,1.4,0.3,0.3,0.4
20 Nov 2018,42.9,0.3,0.3,0.3,0.2,0.2,0.3,0.3,0.2,0.3,0.4,0.4,0.3,0.4,0.4,1.4,0.4,0.3,1.3,0.2,0.3,0.5,1.2,0.4,2.2,3.1,2.2,2.0,1.3,1.6,1.5,2.9,2.9,1.5,1.6,1.5,0.4,1.3,0.6,0.5,0.6,0.4,1.5,0.5,0.4,0.5,1.5,0.2,0.5
21 Nov 2018,26.6,0.5,0.4,0.5,0.4,0.2,0.5,1.5,0.3,0.4,0.4,0.2,0.4,0.4,1.2,0.4,0.3,0.2,0.4,0.5,0.5,0.4,0.5,0.5,0.4,1.6,0.5,1.6,0.5,0.0,0.7,0.5,0.4,0.4,0.6,0.2,0.5,1.5,0.2,0.6,0.5,0.2,1.5,0.4,0.3,0.5,0.5,0.4,1.3
22 Nov 2018,55.3,1.5,0.4,0.4,0.4,0.2,0.5,1.7,0.3,0.3,0.4,1.4,1.5,0.4,0.3,1.5,0.3,0.5,0.4,0.9,1.2,2.0,1.3,3.7,2.7,0.6,1.5,2.1,1.4,0.7,0.4,2.1,3.7,3.8,2.0,0.0,3.9,2.4,0.4,0.4,0.4,0.3,0.4,0.4,1.3,0.4,1.4,0.4,0.5
23 Nov 2018,64.5,0.4,0.4,1.6,0.3,0.4,0.5,0.4,0.3,0.4,1.4,0.2,1.3,0.4,1.4,0.1,0.3,0.5,0.4,1.1,1.8,0.4,0.4,1.0,2.0,3.1,2.0,2.9,3.0,3.6,3.8,3.5,3.9,3.0,3.0,3.3,3.1,1.0,0.4,1.4,0.5,0.3,1.5,0.3,0.3,1.3,0.3,1.5,0.2
24 Nov 2018,61.5,0.2,0.5,0.3,1.2,0.3,0.3,0.1,0.2,0.4,1.3,0.1,0.3,0.5,0.2,1.1,0.3,0.3,0.2,2.2,1.2,1.3,1.8,2.0,1.8,0.5,2.4,0.3,2.2,3.8,5.5,3.6,3.6,3.6,5.1,2.8,2.0,2.3,0.4,0.4,0.4,0.5,1.3,0.0,0.0,0.5,0.5,1.1,0.5
25 Nov 2018,82.7,1.4,0.2,1.5,0.5,0.2,0.4,0.4,1.4,0.4,1.3,0.3,0.4,0.3,0.2,0.2,1.5,0.4,0.2,2.2,1.8,1.4,2.6,1.9,3.7,4.6,4.1,3.9,1.7,1.1,2.8,1.0,6.8,6.9,5.0,4.6,5.4,3.1,1.3,1.1,0.4,1.6,0.3,0.4,0.4,0.3,0.5,0.1,0.5
26 Nov 2018,73.9,1.3,0.4,1.4,0.2,0.2,0.4,0.3,0.2,0.3,1.4,0.2,0.3,1.5,0.3,1.3,0.2,0.3,0.4,1.6,1.9,2.3,1.0,3.0,1.5,3.8,2.3,2.2,1.5,2.1,2.4,5.0,6.1,5.4,4.0,4.3,3.2,2.0,0.0,1.2,0.4,0.9,1.7,0.4,0.4,1.4,0.4,0.4,0.5
27 Nov 2018,28.7,1.2,0.4,0.4,0.1,0.4,0.4,1.3,0.3,0.3,0.4,1.3,0.4,0.4,0.1,1.4,0.4,0.4,0.3,0.5,0.4,0.3,1.6,0.4,0.5,0.1,1.6,0.4,0.6,1.5,0.4,0.6,0.3,1.7,0.6,0.2,0.5,0.4,0.6,1.3,0.5,0.2,0.4,0.4,0.0,0.7,1.4,0.5,0.3
28 Nov 2018,28.2,0.4,1.4,0.1,0.3,1.4,0.2,0.3,1.4,0.2,0.4,0.4,1.3,0.4,0.3,1.4,0.4,0.4,0.4,0.3,0.5,0.3,1.4,0.5,0.2,0.5,1.4,0.6,0.5,0.3,0.5,0.6,1.3,0.6,0.4,0.3,0.6,0.4,0.5,0.2,0.6,0.2,0.5,0.3,1.6,0.3,0.4,1.4,0.3
29 Nov 2018,81.1,0.5,0.2,0.4,0.4,1.4,0.4,0.4,1.4,0.3,0.2,1.5,0.4,0.1,1.4,0.4,0.3,0.4,1.6,0.3,0.4,1.5,4.6,5.2,5.4,2.2,3.5,5.0,1.6,4.2,3.3,3.5,0.0,0.0,5.5,3.4,4.3,2.4,2.1,1.7,1.1,2.2,0.5,1.2,1.4,0.3,0.5,0.4,1.5
30 Nov 2018,69.6,0.5,1.4,0.5,0.4,1.5,0.4,0.5,0.4,0.4,0.5,0.3,0.4,0.3,1.4,0.3,1.4,0.6,0.3,1.5,0.5,2.4,2.2,3.4,3.1,3.5,3.1,2.1,1.6,2.1,4.0,2.5,2.6,2.0,4.2,1.8,3.7,2.1,0.3,2.0,0.8,0.3,1.8,0.4,1.8,0.3,0.5,1.3,0.3
01 Dec 2018,42.5,1.5,0.2,0.3,1.3,0.3,1.2,0.2,0.4,0.2,0.1,0.3,0.4,1.3,0.0,1.3,0.3,0.3,0.1,0.2,1.1,0.3,0.3,0.5,0.4,0.3,0.8,1.1,0.8,1.2,2.0,2.8,1.9,2.4,1.8,2.4,1.9,1.3,0.3,2.0,0.7,1.5,1.5,0.3,0.3,1.2,0.3,1.3,0.2
02 Dec 2018,42.8,0.2,1.2,0.2,1.3,0.2,0.1,1.3,0.2,0.3,0.3,1.2,0.1,1.2,0.2,0.3,0.2,1.2,0.3,0.3,0.0,0.3,1.5,0.3,0.3,0.4,0.1,0.1,1.4,0.5,2.0,3.0,2.1,2.7,3.9,3.7,2.7,3.0,2.0,0.2,0.3,0.3,0.3,0.4,0.3,0.1,0.2,0.3,0.3
03 Dec 2018,42.6,0.2,0.2,0.1,0.2,0.4,0.1,0.2,1.3,0.1,1.2,1.2,0.3,1.1,0.1,0.3,0.2,0.1,0.3,0.9,0.5,1.5,2.9,1.4,1.3,2.6,3.8,2.3,0.5,1.5,1.5,1.5,1.4,1.8,1.2,1.2,0.2,0.8,0.5,1.4,1.3,0.5,0.4,0.3,0.4,0.4,0.4,0.4,0.4
04 Dec 2018,49.0,0.2,0.4,0.3,0.3,0.4,0.3,1.4,0.3,1.3,1.4,0.3,0.5,0.2,0.3,0.3,1.5,0.3,0.0,0.0,2.0,2.8,4.1,3.0,2.1,2.0,2.0,3.1,1.8,2.1,0.5,0.5,0.7,3.7,0.5,0.5,1.6,0.3,0.4,0.4,0.4,0.4,1.3,0.3,0.5,0.4,1.5,0.3,0.3
05 Dec 2018,25.1,0.4,0.4,0.5,0.3,0.3,0.4,0.3,0.5,0.4,0.2,0.4,1.4,0.2,0.6,0.3,0.4,0.3,0.2,0.4,1.4,0.3,0.5,0.2,0.4,0.4,0.4,1.7,0.4,1.5,0.3,0.4,0.5,1.3,0.4,0.3,0.5,0.4,0.4,0.4,0.4,0.2,1.4,0.6,0.4,0.3,0.3,1.4,0.3
06 Dec 2018,78.2,0.5,0.5,1.2,0.3,0.4,0.3,0.5,1.4,0.3,0.3,0.4,0.3,0.5,1.4,0.3,0.3,0.4,0.2,0.4,0.6,2.2,3.8,4.3,4.8,5.8,5.8,4.8,4.0,4.8,3.5,2.2,3.0,5.0,2.4,2.2,0.0,1.5,0.7,1.5,0.3,0.5,1.5,0.4,0.3,0.4,0.5,1.5,0.4
07 Dec 2018,64.6,0.4,0.4,1.4,0.3,0.3,0.4,1.4,0.4,0.3,0.4,1.3,0.3,0.3,0.3,1.4,0.2,0.4,1.3,1.1,1.8,2.8,1.9,3.5,4.2,3.6,2.4,4.3,4.6,1.9,3.0,2.1,4.0,3.4,2.8,4.0,2.0,0.0,0.0,0.0,0.0,0.0,0.0,0.0,0.0,,,,
08 Dec 2018,28.8,,,,,,,,,,,,,,,,,,,0.0,0.0,1.9,0.6,0.5,1.5,1.6,0.2,1.6,0.2,0.6,1.2,0.6,1.4,4.8,0.5,1.6,2.7,1.5,0.3,1.3,0.4,0.2,0.3,1.3,0.2,1.2,0.2,0.3,0.3
09 Dec 2018,36.8,0.2,0.2,0.2,1.0,0.0,0.0,0.4,1.2,1.1,0.3,1.2,1.2,0.2,1.2,1.2,0.2,1.2,1.1,0.3,2.2,3.1,3.2,4.0,3.1,2.2,,,,,,,,,,,2.6,1.2,0.4,0.4,0.3,0.2,0.3,0.3,0.0,0.3,0.3,0.2,0.3
10 Dec 2018,39.5,0.3,0.2,0.3,0.1,0.2,0.3,0.3,0.0,0.3,0.3,0.0,0.1,0.1,0.3,0.0,0.3,0.1,0.3,1.2,2.5,0.0,2.4,3.1,2.0,2.3,1.2,2.0,0.7,2.7,2.0,2.8,3.6,0.0,0.0,0.0,2.4,2.9,0.2,0.2,0.2,0.1,0.2,0.2,0.1,0.3,0.2,0.1,0.3
11 Dec 2018,10.0,0.1,0.4,0.1,0.3,0.1,0.3,0.1,0.2,0.3,0.1,0.4,0.1,0.1,0.1,0.2,0.1,0.1,0.3,0.1,0.1,0.4,0.1,0.4,0.1,0.2,0.1,0.5,0.2,0.3,0.5,0.2,0.0,0.4,0.3,0.2,0.2,0.1,0.2,0.2,0.1,0.2,0.2,0.1,0.4,0.1,0.2,0.2,0.1
12 Dec 2018,9.8,0.2,0.2,0.1,0.2,0.1,0.2,0.2,0.1,0.3,0.1,0.2,0.1,0.2,0.2,0.1,0.3,0.1,0.2,0.2,0.3,0.2,0.3,0.4,0.1,0.2,0.2,0.1,0.3,0.2,0.2,0.2,0.2,0.1,0.2,0.2,0.5,0.2,0.2,0.3,0.2,0.2,0.1,0.2,0.2,0.1,0.2,0.2,0.1
13 Dec 2018,55.6,0.2,0.2,0.1,0.2,0.2,0.1,0.2,0.1,0.2,0.2,0.1,0.2,0.2,0.1,0.3,0.2,0.2,0.1,0.3,1.2,0.3,0.3,2.5,3.7,3.4,4.9,1.5,2.1,3.4,2.3,2.6,3.8,3.7,3.4,3.1,2.9,1.9,1.0,0.2,1.1,0.9,0.6,0.2,0.3,0.3,0.2,0.2,0.2
14 Dec 2018,44.7,0.2,0.1,0.2,0.2,0.2,0.2,0.2,0.2,0.2,0.2,0.1,0.1,0.1,0.2,0.3,0.2,0.2,0.2,0.2,0.2,0.2,0.4,0.9,1.1,1.1,0.8,1.1,0.8,1.8,5.9,2.5,3.6,2.8,2.7,3.6,2.8,1.2,0.2,0.4,1.4,0.3,1.4,0.1,1.4,0.2,1.5,0.2,0.2
15 Dec 2018,56.4,1.3,0.2,1.2,0.4,1.1,0.4,0.1,0.4,1.2,0.2,1.3,0.1,0.4,0.1,0.4,1.3,0.2,0.2,0.8,0.5,1.8,2.9,2.4,2.6,2.8,2.5,2.1,0.5,0.5,1.0,1.5,2.2,2.7,3.2,2.1,2.0,3.2,1.8,1.0,1.5,0.4,0.3,0.4,0.3,0.4,0.1,1.4,1.1
16 Dec 2018,59.8,0.4,0.3,0.3,0.2,0.2,1.3,1.3,0.4,0.1,0.4,0.3,0.2,0.2,0.1,0.4,1.3,1.3,0.3,2.2,0.8,2.3,2.8,2.3,4.0,3.0,3.0,2.9,3.1,3.8,3.2,0.9,1.1,0.8,1.3,0.0,3.2,2.1,1.3,1.1,0.5,0.7,1.0,1.5,0.3,0.5,0.4,0.5,0.5
17 Dec 2018,48.6,0.4,0.2,0.3,0.3,0.2,1.4,1.4,0.5,0.2,0.2,1.3,0.3,0.5,0.2,1.4,0.3,0.2,0.5,0.4,1.9,0.8,1.7,0.4,1.6,0.5,0.4,0.7,1.7,3.6,3.4,2.4,3.7,1.9,1.3,4.2,0.5,0.6,0.7,0.6,0.4,1.6,0.6,0.4,0.2,0.5,0.1,0.5,1.4
18 Dec 2018,88.5,0.2,0.3,0.3,0.2,0.3,0.3,1.3,1.3,0.3,0.2,0.3,0.2,0.3,0.3,1.4,0.2,0.5,0.2,0.5,0.2,0.6,4.8,2.9,3.0,3.9,2.8,3.1,4.0,3.0,4.4,4.9,6.3,6.8,5.8,6.0,5.9,3.6,1.4,1.0,0.6,0.6,0.3,0.5,0.6,0.3,0.4,0.6,1.4
19 Dec 2018,27.3,0.4,0.5,0.4,0.4,0.1,0.6,1.3,0.4,0.2,0.6,0.1,0.4,1.3,0.6,0.2,0.2,0.3,0.4,0.4,1.3,1.4,0.6,0.3,0.4,0.5,0.5,0.5,1.5,0.3,0.7,0.4,0.3,0.5,0.7,0.5,0.5,0.5,0.6,1.5,0.4,0.4,0.5,0.5,1.4,0.3,0.5,0.5,0.3
20 Dec 2018,112.7,1.4,0.4,0.6,0.2,0.2,1.5,0.5,0.5,0.3,0.4,1.3,0.6,0.2,0.4,0.2,0.5,0.3,1.4,0.3,1.1,4.5,4.4,4.3,4.4,4.7,4.5,3.9,3.7,5.4,6.2,5.0,7.0,7.7,7.0,4.7,5.8,2.6,3.1,2.9,1.7,1.3,1.2,1.5,0.4,0.4,0.6,1.4,0.3
21 Dec 2018,87.6,1.5,0.5,0.3,0.4,0.6,0.3,0.4,0.5,0.4,0.4,0.2,0.6,0.2,0.4,0.3,0.6,0.2,0.2,0.5,2.0,3.6,4.0,5.5,5.2,5.5,4.7,4.0,1.5,0.0,3.4,4.3,7.7,6.5,4.3,3.2,3.1,3.1,2.3,1.2,0.7,0.6,0.5,0.3,0.5,0.6,0.3,0.4,0.6
22 Dec 2018,135.1,0.4,0.4,0.5,0.5,0.4,0.4,0.5,0.5,0.2,0.3,0.6,0.1,1.4,1.5,1.5,0.2,1.5,1.6,0.4,2.3,5.3,5.2,5.7,4.0,1.4,0.0,4.5,5.0,8.5,8.4,7.2,9.2,9.0,6.8,4.5,5.8,4.6,3.3,6.8,2.6,3.0,3.4,2.3,1.7,0.5,0.5,0.6,0.5
23 Dec 2018,124.1,0.5,0.6,0.6,0.6,0.5,0.4,0.6,0.5,0.4,0.6,0.5,0.4,0.7,0.3,0.5,1.5,0.6,0.6,1.5,2.1,3.8,5.1,4.4,5.6,3.3,3.2,3.1,4.2,4.2,6.2,5.8,6.4,6.2,9.4,7.2,5.0,3.1,4.1,2.4,3.4,2.3,1.5,0.4,1.0,2.9,1.8,1.7,2.2
24 Dec 2018,125.5,1.7,1.0,1.2,1.6,1.5,0.6,1.1,1.4,1.8,0.4,1.6,1.1,1.0,2.6,0.8,1.1,1.7,1.1,1.4,2.9,4.0,5.0,4.1,5.9,4.9,4.9,4.8,4.9,4.9,4.9,6.9,6.6,7.4,6.5,3.2,3.1,3.2,3.1,3.0,1.3,1.3,1.2,0.6,0.1,0.5,0.5,0.5,0.3
25 Dec 2018,31.3,0.5,0.5,0.3,0.5,0.4,0.3,1.5,0.4,0.3,0.5,0.4,0.6,0.6,0.4,0.5,0.4,0.4,0.5,0.4,1.5,0.6,0.4,1.5,0.7,0.6,0.6,0.6,0.5,0.6,0.6,0.5,0.6,0.6,0.5,0.7,1.7,0.6,0.6,2.3,0.6,0.4,0.5,1.6,0.5,0.4,0.5,0.5,0.4
26 Dec 2018,31.5,1.6,0.6,0.4,0.6,1.4,0.4,0.5,0.3,0.4,0.5,1.4,0.5,0.4,0.4,0.4,0.4,0.5,0.5,0.5,0.4,0.5,0.6,0.4,1.5,0.6,0.5,1.6,0.6,0.5,0.6,0.6,0.6,1.8,0.5,0.6,0.6,0.5,0.6,0.6,0.5,0.7,0.5,1.6,0.4,0.4,0.5,0.4,0.4
27 Dec 2018,143.2,0.5,1.5,0.5,0.4,0.4,0.4,0.5,0.4,0.4,0.5,0.3,0.5,0.5,0.3,1.5,0.4,0.5,1.7,1.8,3.7,4.7,3.8,5.4,5.3,6.5,5.7,6.7,6.5,7.1,13.1,10.9,8.7,9.1,6.4,6.8,6.8,4.2,1.4,1.3,1.3,1.3,0.9,0.3,0.5,0.4,0.6,0.2,0.6
28 Dec 2018,131.6,0.3,0.4,0.3,0.5,0.2,0.4,0.3,0.3,0.4,0.3,0.3,0.3,0.4,0.3,0.5,0.2,0.4,0.2,0.5,0.5,3.5,5.2,6.9,8.0,7.0,7.0,8.1,7.2,6.3,6.7,7.2,8.0,7.8,5.2,8.4,7.4,4.0,3.9,2.8,0.4,0.6,0.3,0.5,0.5,0.3,0.5,0.3,0.4
29 Dec 2018,145.2,0.3,0.4,0.3,0.4,0.4,0.4,0.5,0.2,0.4,0.3,0.3,0.4,0.2,0.4,0.1,0.5,0.1,0.4,2.9,2.9,4.6,6.2,4.5,4.5,5.3,3.6,4.4,4.7,3.7,7.7,7.4,7.9,7.0,8.3,8.5,3.0,6.5,3.9,4.8,5.6,4.7,3.6,3.8,2.2,1.4,1.0,1.4,3.1
30 Dec 2018,35.8,2.4,1.3,0.3,0.5,0.3,0.5,0.3,0.4,0.4,0.4,2.3,1.3,2.0,2.1,1.2,1.2,0.5,0.3,0.4,0.4,0.2,0.5,0.5,0.5,1.6,1.6,1.3,1.6,0.5,0.5,0.5,0.7,0.6,0.6,0.6,0.6,0.4,0.6,0.6,0.3,0.5,0.4,0.3,0.5,0.5,0.3,0.4,0.6
31 Dec 2018,155.9,0.1,0.6,0.2,0.4,1.4,1.3,1.4,1.3,0.4,0.4,0.3,0.4,0.3,0.3,0.5,0.2,0.3,0.3,0.4,5.6,4.8,7.1,6.1,6.3,4.4,5.6,6.6,4.9,6.3,7.7,7.2,6.4,10.3,8.1,8.3,7.0,6.5,4.6,4.8,4.3,2.9,2.0,2.0,0.5,0.5,1.4,1.5,1.5
